log_id,timestamp,api_name,endpoint,request_method,response_code,response_time_ms,request_size_bytes,response_size_bytes,server_name,environment,error_code,timeout_flag,transaction_id
API000000020,2023-10-22 15:17:24,TransactionAPI,/api/transactions,POST,504,189,2684,1502,SRV003,PRODUCTION,E108,Y,TXN0000010068
API000000023,2024-01-27 02:48:47,TransactionAPI,/api/transactions,GET,500,56,4225,247,SRV020,SIT,E107,N,TXN0000006183
API000000036,2025-06-16 23:36:42,LoanAPI,/api/loans,GET,504,298,1837,3914,SRV011,PRODUCTION,E110,Y,
API000000046,2025-08-19 15:11:22,AccountAPI,/api/accounts,POST,500,146,201,1986,SRV026,PRODUCTION,E105,N,TXN0000005769
API000000050,2023-01-08 16:05:35,AccountAPI,/api/accounts,GET,502,35,2861,5262,SRV010,PRODUCTION,E103,N,TXN0000000465
API000000063,2024-08-10 11:59:01,NotificationAPI,/api/notifications,GET,500,223,1338,9576,SRV036,SIT,E105,N,
API000000064,2025-06-18 00:18:13,LoanAPI,/api/loans,POST,500,260,3769,7563,SRV034,SIT,E106,N,TXN0000010341
API000000074,2024-01-01 19:28:02,LoanAPI,/api/loans,PUT,503,312,3292,9363,SRV023,SIT,E106,N,TXN0000007536
API000000077,2023-03-18 23:58:31,NotificationAPI,/api/notifications,POST,500,219,1862,5169,SRV010,PRODUCTION,E101,N,TXN0000017397
API000000106,2025-05-30 23:57:37,StatementAPI,/api/statements,POST,503,174,4094,9597,SRV020,PRODUCTION,E106,N,TXN0000004718
API000000120,2023-06-13 01:41:04,TransactionAPI,/api/transactions,POST,500,124,1265,640,SRV025,PRODUCTION,E103,N,
API000000133,2023-01-30 07:49:56,AuthAPI,/api/auth,DELETE,500,154,3938,6969,SRV011,PRODUCTION,E105,N,TXN0000008356
API000000148,2025-06-28 12:46:07,StatementAPI,/api/statements,PUT,504,118,3978,6824,SRV034,SIT,E109,Y,TXN0000003491
API000000155,2026-02-25 18:22:01,CustomerAPI,/api/customers,POST,500,268,3266,1026,SRV023,PRODUCTION,E101,N,
API000000180,2026-03-10 14:01:35,StatementAPI,/api/statements,DELETE,500,43,670,3234,SRV008,UAT,E100,N,TXN0000009690
API000000186,2023-05-25 04:20:07,AccountAPI,/api/accounts,POST,502,346,2529,3959,SRV038,PRODUCTION,E107,N,TXN0000022901
API000000195,2026-06-09 19:09:32,FraudAPI,/api/fraud,GET,500,77,835,8579,SRV013,PRODUCTION,E105,N,
API000000200,2023-08-06 08:11:31,StatementAPI,/api/statements,GET,504,37,951,4417,SRV003,SIT,E102,Y,
API000000202,2026-04-24 12:57:40,StatementAPI,/api/statements,POST,504,196,1858,6457,SRV006,PRODUCTION,E102,Y,TXN0000015168
API000000221,2023-12-30 04:26:50,KYCAPI,/api/kyc,POST,504,83,617,7958,SRV021,PRODUCTION,E106,Y,TXN0000006610
API000000223,2024-04-24 21:19:03,LoanAPI,/api/loans,GET,504,161,4105,6454,SRV012,PRODUCTION,E110,Y,TXN0000003142
API000000236,2024-09-15 13:59:44,KYCAPI,/api/kyc,PUT,503,51,703,9776,SRV013,PRODUCTION,E100,N,TXN0000024231
API000000241,2024-12-13 06:42:24,StatementAPI,/api/statements,POST,500,236,4572,499,SRV026,PRODUCTION,E109,N,
API000000263,2024-01-23 05:14:04,TransactionAPI,/api/transactions,GET,504,314,4892,1814,SRV038,PRODUCTION,E111,Y,
API000000281,2024-02-04 01:12:56,TransactionAPI,/api/transactions,PUT,504,123,4257,6055,SRV019,PRODUCTION,E104,Y,TXN0000005913
API000000283,2023-05-09 22:58:23,FraudAPI,/api/fraud,GET,502,130,1642,4123,SRV021,PRODUCTION,E111,N,TXN0000004539
API000000295,2023-12-31 18:00:21,AuthAPI,/api/auth,GET,502,236,873,3483,SRV015,PRODUCTION,E104,N,TXN0000005156
API000000303,2023-12-05 11:48:33,CustomerAPI,/api/customers,POST,500,359,503,5641,SRV005,PRODUCTION,E104,N,
API000000317,2023-02-01 02:55:07,AccountAPI,/api/accounts,POST,503,337,4594,5135,SRV018,PRODUCTION,E111,N,TXN0000021674
API000000346,2024-05-28 08:40:25,FraudAPI,/api/fraud,DELETE,500,1444,4604,3947,SRV036,PRODUCTION,E109,N,TXN0000000452
API000000351,2023-09-08 05:36:53,FraudAPI,/api/fraud,POST,500,38,815,881,SRV016,PRODUCTION,E105,N,TXN0000022936
API000000353,2024-02-26 05:04:32,CustomerAPI,/api/customers,GET,502,514,3008,5690,SRV032,PRODUCTION,E111,N,TXN0000005921
API000000365,2023-08-20 17:16:22,PaymentAPI,/api/payments,GET,502,30,3851,6605,SRV022,PRODUCTION,E101,N,
API000000372,2025-03-11 17:20:52,StatementAPI,/api/statements,GET,502,99,2716,7107,SRV033,PRODUCTION,E104,N,
API000000382,2025-09-26 23:15:31,AccountAPI,/api/accounts,GET,502,191,343,7657,SRV025,PRODUCTION,E100,N,TXN0000008450
API000000389,2026-07-23 18:53:14,LoanAPI,/api/loans,GET,504,162,2627,8752,SRV021,PRODUCTION,E109,Y,TXN0000012255
API000000403,2026-01-12 20:05:44,KYCAPI,/api/kyc,PUT,503,307,1480,8643,SRV024,SIT,E101,N,TXN0000005976
API000000411,2023-11-08 12:10:50,CustomerAPI,/api/customers,GET,502,142,4911,1625,SRV012,PRODUCTION,E106,N,
API000000413,2024-01-03 06:02:11,PaymentAPI,/api/payments,PUT,500,50,4672,2795,SRV007,PRODUCTION,E101,N,TXN0000023517
API000000420,2023-11-15 18:59:45,AuthAPI,/api/auth,GET,504,284,909,1801,SRV035,PRODUCTION,E111,Y,TXN0000010137
API000000428,2026-06-06 00:35:05,StatementAPI,/api/statements,GET,504,1790,320,9388,SRV039,PRODUCTION,E104,Y,
API000000442,2024-12-27 18:12:43,PaymentAPI,/api/payments,PUT,500,120,1019,7404,SRV025,PRODUCTION,E106,N,
API000000450,2023-05-19 01:27:59,LoanAPI,/api/loans,DELETE,502,245,4220,9273,SRV019,PRODUCTION,E102,N,
API000000451,2026-03-27 00:09:53,AuthAPI,/api/auth,GET,504,970,3653,9690,SRV020,PRODUCTION,E111,Y,TXN0000015128
API000000463,2025-03-10 03:57:16,AuthAPI,/api/auth,PUT,500,431,1945,1757,SRV020,SIT,E102,N,TXN0000007280
API000000510,2024-08-13 14:45:49,PaymentAPI,/api/payments,GET,503,146,1407,9766,SRV033,UAT,E102,N,TXN0000001804
API000000519,2024-09-25 08:54:07,StatementAPI,/api/statements,GET,503,137,3224,7497,SRV018,PRODUCTION,E102,N,TXN0000024168
API000000524,2025-07-22 12:31:38,AccountAPI,/api/accounts,GET,500,300,1722,6708,SRV018,PRODUCTION,E108,N,TXN0000011554
API000000530,2024-10-04 02:52:58,LoanAPI,/api/loans,GET,504,402,2899,4708,SRV010,UAT,E111,Y,TXN0000010848
API000000551,2024-02-14 08:20:25,KYCAPI,/api/kyc,GET,502,42,2736,3651,SRV038,PRODUCTION,E104,N,TXN0000012105
API000000625,2025-03-10 21:39:04,LoanAPI,/api/loans,GET,503,216,3467,9715,SRV018,PRODUCTION,E108,N,
API000000631,2026-01-30 08:51:08,TransactionAPI,/api/transactions,POST,500,178,2431,3006,SRV039,PRODUCTION,E104,N,
API000000640,2024-01-27 17:09:41,StatementAPI,/api/statements,POST,502,42,2085,247,SRV015,UAT,E111,N,
API000000645,2026-01-23 09:34:41,AccountAPI,/api/accounts,GET,503,220,2040,4334,SRV031,SIT,E106,N,TXN0000002396
API000000652,2026-02-12 08:58:30,CustomerAPI,/api/customers,GET,503,330,4120,770,SRV022,PRODUCTION,E109,N,TXN0000007253
API000000653,2023-04-06 00:46:39,PaymentAPI,/api/payments,GET,500,164,4101,5841,SRV032,PRODUCTION,E104,N,TXN0000018487
API000000655,2024-03-27 11:40:55,AccountAPI,/api/accounts,GET,504,297,1578,8252,SRV013,PRODUCTION,E104,Y,
API000000660,2024-07-27 04:49:45,KYCAPI,/api/kyc,GET,502,46,3522,2746,SRV032,PRODUCTION,E102,N,TXN0000017958
API000000663,2023-02-04 21:50:14,CustomerAPI,/api/customers,POST,504,181,3859,9956,SRV021,PRODUCTION,E100,Y,TXN0000012930
API000000670,2024-07-07 11:58:50,KYCAPI,/api/kyc,PUT,502,377,906,6702,SRV031,PRODUCTION,E104,N,
API000000680,2025-05-15 03:31:14,NotificationAPI,/api/notifications,GET,500,831,3858,1585,SRV029,PRODUCTION,E110,N,TXN0000010354
API000000690,2024-05-06 18:11:55,LoanAPI,/api/loans,PUT,504,117,4964,7182,SRV017,SIT,E111,Y,
API000000703,2024-07-24 15:40:04,KYCAPI,/api/kyc,POST,504,256,4798,5348,SRV014,PRODUCTION,E100,Y,
API000000722,2026-02-08 15:56:05,PaymentAPI,/api/payments,GET,500,215,999,8503,SRV017,UAT,E106,N,
API000000723,2024-04-19 15:43:04,AuthAPI,/api/auth,POST,500,140,1079,1771,SRV035,PRODUCTION,E102,N,TXN0000009682
API000000737,2025-04-04 11:38:34,FraudAPI,/api/fraud,POST,502,264,1587,4810,SRV021,PRODUCTION,E105,N,TXN0000002192
API000000743,2024-09-03 17:08:13,NotificationAPI,/api/notifications,POST,504,358,4418,8600,SRV009,PRODUCTION,E108,Y,
API000000748,2023-04-24 14:11:04,NotificationAPI,/api/notifications,GET,504,69,3947,4950,SRV004,PRODUCTION,E102,Y,TXN0000002607
API000000758,2024-06-15 13:23:21,NotificationAPI,/api/notifications,GET,500,257,1130,7086,SRV031,PRODUCTION,E109,N,TXN0000020099
API000000761,2023-10-15 04:25:09,AuthAPI,/api/auth,PUT,504,108,741,9984,SRV017,PRODUCTION,E104,Y,TXN0000023279
API000000775,2023-09-13 02:23:06,TransactionAPI,/api/transactions,GET,502,717,291,8606,SRV021,UAT,E102,N,
API000000805,2024-09-13 19:28:09,FraudAPI,/api/fraud,POST,503,91,1438,6453,SRV014,PRODUCTION,E107,N,TXN0000007977
API000000837,2025-04-21 17:02:55,NotificationAPI,/api/notifications,POST,502,512,3136,7706,SRV019,PRODUCTION,E103,N,
API000000849,2026-01-30 03:15:56,NotificationAPI,/api/notifications,POST,503,544,580,8799,SRV023,UAT,E101,N,
API000000869,2024-07-11 07:11:55,FraudAPI,/api/fraud,POST,500,128,1376,1069,SRV036,PRODUCTION,E102,N,
API000000876,2023-11-25 20:24:36,KYCAPI,/api/kyc,POST,503,199,2191,231,SRV011,UAT,E102,N,TXN0000002969
API000000892,2026-04-07 10:18:52,StatementAPI,/api/statements,POST,500,714,1117,3038,SRV037,PRODUCTION,E105,N,TXN0000007577
API000000896,2025-03-24 05:06:39,FraudAPI,/api/fraud,GET,504,49,3313,8801,SRV010,PRODUCTION,E104,Y,
API000000903,2024-10-14 01:08:59,AccountAPI,/api/accounts,GET,504,190,4208,5766,SRV028,PRODUCTION,E104,Y,TXN0000021467
API000000931,2025-03-21 01:58:59,AuthAPI,/api/auth,DELETE,503,37,2550,5721,SRV020,PRODUCTION,E109,N,TXN0000017173
API000000952,2024-10-09 16:39:29,TransactionAPI,/api/transactions,GET,500,482,4427,5776,SRV013,SIT,E108,N,TXN0000010888
API000000954,2026-07-29 22:18:53,LoanAPI,/api/loans,POST,500,233,2874,3218,SRV012,PRODUCTION,E105,N,TXN0000018857
API000000965,2023-04-11 17:05:44,PaymentAPI,/api/payments,GET,504,153,4046,4289,SRV007,PRODUCTION,E108,Y,TXN0000015045
API000000970,2025-07-20 17:56:39,FraudAPI,/api/fraud,GET,500,127,660,1481,SRV023,PRODUCTION,E101,N,TXN0000019249
API000000977,2025-03-07 22:49:22,FraudAPI,/api/fraud,GET,504,37,4285,3911,SRV005,PRODUCTION,E100,Y,TXN0000008384
API000000979,2026-07-27 18:08:09,AccountAPI,/api/accounts,GET,503,74,3793,5899,SRV009,PRODUCTION,E111,N,
API000001001,2026-07-19 01:15:52,KYCAPI,/api/kyc,GET,502,102,2991,4728,SRV006,PRODUCTION,E107,N,TXN0000016750
API000001002,2023-08-26 14:07:47,PaymentAPI,/api/payments,GET,500,47,2538,8800,SRV015,PRODUCTION,E108,N,TXN0000001149
API000001005,2026-06-06 21:37:22,KYCAPI,/api/kyc,GET,503,330,3781,6256,SRV039,PRODUCTION,E109,N,
API000001008,2024-08-09 18:27:40,FraudAPI,/api/fraud,POST,502,347,2969,9480,SRV013,PRODUCTION,E100,N,TXN0000009346
API000001014,2024-10-05 09:17:00,NotificationAPI,/api/notifications,POST,502,274,3936,3927,SRV023,UAT,E104,N,TXN0000003664
API000001049,2023-09-20 22:33:01,NotificationAPI,/api/notifications,POST,503,161,1124,6715,SRV010,PRODUCTION,E110,N,TXN0000008134
API000001052,2023-10-26 02:11:06,PaymentAPI,/api/payments,POST,503,237,2662,5623,SRV025,PRODUCTION,E108,N,
API000001065,2023-10-10 16:11:48,AuthAPI,/api/auth,POST,504,129,1623,9253,SRV009,PRODUCTION,E107,Y,TXN0000015639
API000001067,2024-03-30 17:45:07,CustomerAPI,/api/customers,GET,502,732,4799,1508,SRV026,PRODUCTION,E106,N,TXN0000024665
API000001081,2024-10-28 19:37:33,TransactionAPI,/api/transactions,GET,504,620,330,5120,SRV031,PRODUCTION,E106,Y,
API000001089,2024-05-31 17:16:39,FraudAPI,/api/fraud,POST,504,150,1945,3877,SRV009,PRODUCTION,E102,Y,TXN0000020071
API000001096,2025-01-31 17:36:13,AccountAPI,/api/accounts,GET,504,84,2122,345,SRV040,PRODUCTION,E101,Y,TXN0000004374
API000001097,2024-01-04 04:05:15,KYCAPI,/api/kyc,PUT,503,179,1563,3746,SRV020,PRODUCTION,E101,N,TXN0000024554
API000001108,2025-02-02 12:20:06,KYCAPI,/api/kyc,POST,504,155,4567,2845,SRV018,SIT,E101,Y,
API000001110,2024-01-14 02:36:51,CustomerAPI,/api/customers,POST,500,2076,4051,4471,SRV016,PRODUCTION,E102,N,TXN0000010075
API000001124,2025-06-29 06:11:57,NotificationAPI,/api/notifications,POST,502,45,4323,1196,SRV017,PRODUCTION,E108,N,
API000001138,2024-09-22 21:39:44,TransactionAPI,/api/transactions,GET,500,234,796,2294,SRV016,PRODUCTION,E108,N,TXN0000018169
API000001148,2025-02-27 08:11:15,CustomerAPI,/api/customers,GET,504,526,4592,3629,SRV003,PRODUCTION,E104,Y,
API000001152,2025-07-09 12:50:28,FraudAPI,/api/fraud,PUT,502,42,4582,8004,SRV018,PRODUCTION,E108,N,TXN0000022725
API000001154,2026-03-17 21:42:35,AuthAPI,/api/auth,POST,504,475,2025,3485,SRV038,PRODUCTION,E108,Y,TXN0000004227
API000001163,2024-03-31 14:49:13,TransactionAPI,/api/transactions,GET,502,75,3660,7192,SRV039,PRODUCTION,E100,N,TXN0000003440
API000001182,2023-10-22 06:32:58,CustomerAPI,/api/customers,POST,504,570,1364,5091,SRV006,PRODUCTION,E106,Y,TXN0000015563
API000001183,2023-08-12 21:13:40,CustomerAPI,/api/customers,PUT,502,500,3349,4295,SRV012,PRODUCTION,E110,N,TXN0000007347
API000001199,2023-08-01 23:44:56,AuthAPI,/api/auth,GET,500,113,625,5083,SRV001,UAT,E105,N,TXN0000019553
API000001201,2025-08-28 02:00:59,KYCAPI,/api/kyc,PUT,502,352,4153,2910,SRV037,UAT,E110,N,TXN0000023058
API000001204,2025-11-16 04:31:46,PaymentAPI,/api/payments,POST,504,494,3246,8494,SRV029,PRODUCTION,E103,Y,
API000001220,2025-11-22 15:42:55,CustomerAPI,/api/customers,POST,503,132,128,2492,SRV003,PRODUCTION,E105,N,TXN0000016704
API000001241,2023-09-02 04:17:45,FraudAPI,/api/fraud,GET,502,117,4076,1463,SRV013,PRODUCTION,E103,N,
API000001243,2026-05-14 19:07:52,PaymentAPI,/api/payments,GET,502,134,4451,3330,SRV038,PRODUCTION,E103,N,TXN0000019872
API000001247,2024-03-10 19:40:20,TransactionAPI,/api/transactions,GET,504,107,3306,1413,SRV035,PRODUCTION,E102,Y,
API000001252,2023-04-10 16:51:39,FraudAPI,/api/fraud,POST,504,135,1355,3292,SRV020,PRODUCTION,E109,Y,TXN0000011014
API000001267,2025-06-29 04:42:37,KYCAPI,/api/kyc,POST,504,113,3544,6873,SRV014,PRODUCTION,E102,Y,TXN0000005318
API000001270,2023-12-01 13:31:58,AuthAPI,/api/auth,POST,504,136,392,6449,SRV033,PRODUCTION,E110,Y,
API000001271,2025-07-06 05:59:21,StatementAPI,/api/statements,GET,502,211,3269,1109,SRV019,PRODUCTION,E104,N,
API000001278,2024-11-16 03:38:58,TransactionAPI,/api/transactions,POST,504,201,1706,5945,SRV023,UAT,E102,Y,
API000001279,2026-07-18 22:52:23,StatementAPI,/api/statements,PUT,503,292,2276,9584,SRV030,UAT,E105,N,TXN0000023089
API000001284,2025-08-29 13:21:38,FraudAPI,/api/fraud,POST,504,470,343,9757,SRV024,PRODUCTION,E108,Y,
API000001287,2024-12-11 07:46:50,PaymentAPI,/api/payments,POST,500,109,4783,9606,SRV038,UAT,E110,N,
API000001304,2024-05-28 13:25:11,NotificationAPI,/api/notifications,GET,503,120,1258,2674,SRV026,PRODUCTION,E111,N,
API000001306,2023-12-01 20:35:38,LoanAPI,/api/loans,GET,502,31,1581,6841,SRV005,PRODUCTION,E105,N,TXN0000017241
API000001324,2024-04-05 23:27:14,KYCAPI,/api/kyc,GET,502,65,3819,9657,SRV033,UAT,E109,N,
API000001356,2025-08-17 02:52:08,NotificationAPI,/api/notifications,GET,500,173,2924,6968,SRV013,PRODUCTION,E110,N,TXN0000018926
API000001364,2025-08-04 03:14:19,NotificationAPI,/api/notifications,GET,500,42,3685,8556,SRV015,PRODUCTION,E101,N,
API000001365,2025-09-19 07:23:05,StatementAPI,/api/statements,PUT,500,619,3648,3763,SRV009,PRODUCTION,E110,N,TXN0000019947
API000001376,2024-04-14 17:44:12,LoanAPI,/api/loans,GET,503,151,4787,3930,SRV005,PRODUCTION,E102,N,
API000001386,2024-04-29 02:16:39,CustomerAPI,/api/customers,POST,503,110,4123,6180,SRV011,PRODUCTION,E104,N,
API000001387,2023-03-03 21:09:05,CustomerAPI,/api/customers,GET,503,29,335,5380,SRV021,PRODUCTION,E108,N,
API000001396,2025-02-01 02:55:03,LoanAPI,/api/loans,DELETE,504,966,4084,8618,SRV033,PRODUCTION,E105,Y,TXN0000002420
API000001399,2023-06-21 14:34:20,StatementAPI,/api/statements,GET,500,68,4994,723,SRV031,PRODUCTION,E104,N,TXN0000020452
API000001419,2023-03-09 00:41:52,CustomerAPI,/api/customers,GET,500,48,3179,1834,SRV018,SIT,E108,N,TXN0000002242
API000001421,2025-06-22 23:35:27,LoanAPI,/api/loans,GET,503,361,1454,4409,SRV015,PRODUCTION,E102,N,
API000001445,2023-05-05 08:37:00,TransactionAPI,/api/transactions,GET,500,541,526,8648,SRV037,PRODUCTION,E105,N,TXN0000005229
API000001447,2025-02-27 04:03:43,AuthAPI,/api/auth,GET,503,440,1590,892,SRV002,SIT,E109,N,TXN0000004905
API000001454,2024-07-23 21:37:58,TransactionAPI,/api/transactions,GET,500,312,1078,4149,SRV028,PRODUCTION,E101,N,
API000001477,2025-04-11 13:44:34,NotificationAPI,/api/notifications,PUT,504,172,2177,5234,SRV027,PRODUCTION,E100,Y,TXN0000008833
API000001481,2025-11-26 05:46:14,FraudAPI,/api/fraud,GET,500,120,1067,4015,SRV002,PRODUCTION,E102,N,TXN0000004645
API000001498,2026-05-05 07:00:09,AuthAPI,/api/auth,GET,502,90,306,709,SRV003,PRODUCTION,E105,N,TXN0000018405
API000001500,2024-11-20 15:39:29,TransactionAPI,/api/transactions,GET,502,121,4144,9419,SRV023,PRODUCTION,E100,N,
API000001512,2026-01-09 20:47:07,AccountAPI,/api/accounts,POST,500,434,3430,4698,SRV019,PRODUCTION,E105,N,
API000001521,2024-10-15 21:51:37,TransactionAPI,/api/transactions,GET,504,573,3317,4272,SRV008,PRODUCTION,E109,Y,
API000001545,2023-02-23 10:04:50,StatementAPI,/api/statements,POST,504,196,313,6155,SRV027,SIT,E103,Y,TXN0000007028
API000001551,2023-07-12 01:59:48,FraudAPI,/api/fraud,POST,502,494,4974,4488,SRV036,PRODUCTION,E111,N,
API000001559,2024-01-31 15:46:47,CustomerAPI,/api/customers,GET,502,160,4254,6758,SRV017,PRODUCTION,E101,N,TXN0000021790
API000001578,2025-11-02 16:06:28,TransactionAPI,/api/transactions,PUT,500,90,1074,4305,SRV037,PRODUCTION,E101,N,TXN0000022531
API000001590,2025-11-08 18:17:47,AuthAPI,/api/auth,POST,500,333,4096,5284,SRV023,PRODUCTION,E107,N,
API000001598,2023-05-25 10:56:53,LoanAPI,/api/loans,PUT,503,126,3238,3988,SRV040,PRODUCTION,E111,N,TXN0000000286
API000001599,2025-02-04 13:09:34,LoanAPI,/api/loans,DELETE,503,230,2125,1751,SRV040,UAT,E101,N,
API000001609,2026-01-20 10:53:27,AuthAPI,/api/auth,GET,500,1020,570,1298,SRV035,PRODUCTION,E111,N,
API000001630,2026-06-18 00:44:56,NotificationAPI,/api/notifications,GET,500,92,2650,8372,SRV013,PRODUCTION,E110,N,TXN0000004079
API000001633,2025-07-23 17:56:56,CustomerAPI,/api/customers,GET,500,110,432,2626,SRV031,UAT,E102,N,
API000001636,2023-08-01 19:54:09,KYCAPI,/api/kyc,GET,502,276,297,5827,SRV022,PRODUCTION,E103,N,
API000001637,2025-10-24 06:59:14,CustomerAPI,/api/customers,POST,503,297,1750,9448,SRV004,PRODUCTION,E101,N,TXN0000021226
API000001646,2024-05-08 12:51:09,FraudAPI,/api/fraud,GET,503,196,3326,9823,SRV022,UAT,E106,N,
API000001649,2023-11-18 13:32:46,StatementAPI,/api/statements,GET,500,238,3458,9953,SRV002,PRODUCTION,E107,N,
API000001654,2025-05-06 04:43:53,AccountAPI,/api/accounts,POST,504,156,2087,356,SRV037,PRODUCTION,E100,Y,TXN0000002940
API000001723,2024-10-21 09:37:13,CustomerAPI,/api/customers,GET,504,249,4649,1213,SRV030,PRODUCTION,E103,Y,TXN0000015563
API000001724,2023-11-10 06:32:21,AccountAPI,/api/accounts,PUT,504,425,4836,2595,SRV035,PRODUCTION,E104,Y,
API000001743,2024-06-09 10:05:43,KYCAPI,/api/kyc,GET,504,356,4397,8076,SRV039,PRODUCTION,E102,Y,TXN0000023818
API000001746,2025-07-24 03:34:23,FraudAPI,/api/fraud,GET,500,156,3283,8337,SRV022,PRODUCTION,E100,N,TXN0000019212
API000001752,2026-05-18 22:17:07,AuthAPI,/api/auth,PUT,500,355,3645,4161,SRV025,SIT,E101,N,TXN0000017914
API000001756,2024-06-17 07:02:48,NotificationAPI,/api/notifications,POST,502,182,1170,3123,SRV023,PRODUCTION,E105,N,TXN0000003516
API000001767,2025-12-11 19:10:22,StatementAPI,/api/statements,POST,500,655,3869,8926,SRV020,PRODUCTION,E106,N,TXN0000021981
API000001770,2025-03-01 12:14:50,KYCAPI,/api/kyc,POST,500,390,4183,8573,SRV019,PRODUCTION,E105,N,TXN0000004476
API000001773,2026-03-18 17:05:11,KYCAPI,/api/kyc,GET,504,207,4530,7256,SRV033,PRODUCTION,E104,Y,
API000001775,2023-10-17 22:26:27,PaymentAPI,/api/payments,POST,504,423,1640,2905,SRV035,UAT,E101,Y,
API000001792,2026-04-27 16:18:53,CustomerAPI,/api/customers,PUT,500,427,148,707,SRV012,PRODUCTION,E110,N,TXN0000009779
API000001793,2024-06-07 12:06:07,AuthAPI,/api/auth,POST,500,514,3744,3511,SRV003,PRODUCTION,E100,N,
API000001808,2025-11-30 15:12:00,NotificationAPI,/api/notifications,GET,503,263,4748,3360,SRV031,PRODUCTION,E100,N,TXN0000003185
API000001816,2023-10-11 14:35:16,AccountAPI,/api/accounts,GET,500,232,1253,6907,SRV016,PRODUCTION,E111,N,TXN0000005277
API000001840,2024-02-21 10:16:07,KYCAPI,/api/kyc,GET,500,487,2453,9012,SRV025,PRODUCTION,E103,N,TXN0000020451
API000001841,2024-05-11 01:36:36,FraudAPI,/api/fraud,GET,500,406,3556,4186,SRV016,PRODUCTION,E103,N,
API000001861,2024-10-21 02:38:51,LoanAPI,/api/loans,POST,500,214,394,7801,SRV037,PRODUCTION,E101,N,
API000001891,2025-02-01 20:17:00,LoanAPI,/api/loans,PUT,500,82,975,8804,SRV011,PRODUCTION,E110,N,
API000001897,2024-07-14 20:49:58,LoanAPI,/api/loans,GET,503,167,805,1980,SRV033,PRODUCTION,E102,N,
API000001900,2024-06-01 15:34:28,TransactionAPI,/api/transactions,PUT,500,108,4597,1024,SRV018,PRODUCTION,E106,N,TXN0000007994
API000001906,2026-07-05 00:02:14,LoanAPI,/api/loans,POST,504,178,1756,4082,SRV007,PRODUCTION,E100,Y,TXN0000024496
API000001911,2024-09-23 17:47:24,StatementAPI,/api/statements,GET,504,598,3106,1164,SRV018,UAT,E110,Y,TXN0000000726
API000001934,2024-06-21 19:22:47,AuthAPI,/api/auth,POST,503,89,2107,5218,SRV014,PRODUCTION,E107,N,
API000001935,2023-11-20 17:17:09,FraudAPI,/api/fraud,PUT,500,331,1064,4313,SRV037,PRODUCTION,E110,N,
API000001947,2023-04-04 08:30:09,NotificationAPI,/api/notifications,GET,502,267,2502,3610,SRV011,SIT,E100,N,TXN0000020287
API000001948,2024-06-26 14:06:59,NotificationAPI,/api/notifications,GET,504,431,119,3833,SRV030,PRODUCTION,E102,Y,TXN0000016062
API000001949,2024-09-15 09:56:10,CustomerAPI,/api/customers,GET,500,152,2696,8096,SRV023,PRODUCTION,E105,N,TXN0000017894
API000001952,2026-07-02 16:46:09,AccountAPI,/api/accounts,GET,500,145,1859,4203,SRV007,PRODUCTION,E104,N,
API000001955,2025-03-22 11:02:13,PaymentAPI,/api/payments,GET,503,521,1650,272,SRV004,PRODUCTION,E103,N,TXN0000001700
API000001975,2023-08-23 13:53:56,TransactionAPI,/api/transactions,GET,500,314,1525,6398,SRV037,PRODUCTION,E111,N,
API000001982,2025-01-13 13:15:39,KYCAPI,/api/kyc,POST,500,158,4018,5805,SRV032,PRODUCTION,E111,N,TXN0000002782
API000001986,2024-06-03 20:17:03,LoanAPI,/api/loans,GET,504,277,3791,2072,SRV012,PRODUCTION,E101,Y,TXN0000006289
API000002007,2023-04-29 16:20:10,StatementAPI,/api/statements,GET,503,253,3795,9413,SRV005,PRODUCTION,E101,N,TXN0000001374
API000002008,2025-12-27 22:00:43,AccountAPI,/api/accounts,GET,502,527,4267,6027,SRV038,UAT,E100,N,
API000002021,2025-07-09 00:00:00,AccountAPI,/api/accounts,POST,504,440,4918,5292,SRV039,PRODUCTION,E108,Y,
API000002027,2023-12-06 23:30:31,StatementAPI,/api/statements,POST,504,121,1775,310,SRV030,PRODUCTION,E106,Y,TXN0000009319
API000002036,2025-04-16 01:34:06,KYCAPI,/api/kyc,DELETE,504,266,3800,4115,SRV037,PRODUCTION,E101,Y,TXN0000001834
API000002040,2023-05-31 21:29:58,LoanAPI,/api/loans,GET,504,138,4716,7534,SRV030,PRODUCTION,E100,Y,TXN0000006469
API000002049,2025-08-04 04:41:03,FraudAPI,/api/fraud,DELETE,500,168,1659,5970,SRV030,PRODUCTION,E102,N,TXN0000001948
API000002056,2023-03-23 06:24:18,AccountAPI,/api/accounts,GET,503,114,127,7459,SRV037,PRODUCTION,E105,N,TXN0000022118
API000002061,2025-10-08 04:33:01,AuthAPI,/api/auth,POST,502,447,1698,2200,SRV033,PRODUCTION,E111,N,TXN0000010365
API000002064,2023-08-15 20:55:36,PaymentAPI,/api/payments,GET,502,1146,1148,8578,SRV034,PRODUCTION,E100,N,TXN0000015053
API000002085,2023-12-28 17:46:10,AuthAPI,/api/auth,PUT,500,241,4206,9597,SRV011,PRODUCTION,E102,N,TXN0000004544
API000002086,2025-05-31 11:48:37,StatementAPI,/api/statements,GET,503,440,218,9691,SRV031,PRODUCTION,E111,N,
API000002091,2025-02-20 19:40:40,AuthAPI,/api/auth,POST,502,74,3239,7975,SRV035,PRODUCTION,E102,N,TXN0000013759
API000002092,2025-03-29 22:47:00,AccountAPI,/api/accounts,PUT,504,122,1614,4355,SRV009,SIT,E102,Y,TXN0000015856
API000002093,2024-10-21 18:28:57,AuthAPI,/api/auth,POST,502,169,1112,5054,SRV014,PRODUCTION,E107,N,TXN0000015703
API000002117,2024-04-22 13:41:08,PaymentAPI,/api/payments,GET,504,217,424,512,SRV022,PRODUCTION,E107,Y,
API000002119,2023-11-02 06:10:02,PaymentAPI,/api/payments,POST,504,202,2966,5287,SRV022,PRODUCTION,E102,Y,TXN0000011942
API000002121,2025-11-08 19:34:03,TransactionAPI,/api/transactions,POST,503,327,1561,8543,SRV004,PRODUCTION,E104,N,TXN0000003703
API000002123,2023-07-09 16:54:37,LoanAPI,/api/loans,DELETE,502,261,932,8641,SRV018,PRODUCTION,E107,N,
API000002126,2024-04-08 11:12:02,AuthAPI,/api/auth,POST,504,181,3018,2466,SRV003,UAT,E102,Y,
API000002146,2024-08-12 10:02:52,NotificationAPI,/api/notifications,POST,503,129,2103,4676,SRV035,PRODUCTION,E102,N,TXN0000024149
API000002160,2025-03-22 18:44:44,TransactionAPI,/api/transactions,POST,500,378,137,6598,SRV023,PRODUCTION,E111,N,
API000002174,2024-11-23 22:37:41,AuthAPI,/api/auth,GET,503,144,4599,1317,SRV034,PRODUCTION,E105,N,TXN0000002436
API000002183,2023-06-08 05:03:09,CustomerAPI,/api/customers,POST,503,254,4945,8191,SRV028,PRODUCTION,E110,N,TXN0000012547
API000002190,2025-05-12 16:33:39,LoanAPI,/api/loans,GET,503,72,2262,2488,SRV035,PRODUCTION,E110,N,
API000002201,2024-05-05 02:07:55,TransactionAPI,/api/transactions,GET,502,100,1030,9643,SRV039,PRODUCTION,E102,N,
API000002203,2023-07-28 11:23:07,CustomerAPI,/api/customers,DELETE,500,346,4105,3435,SRV036,PRODUCTION,E110,N,
API000002222,2024-03-20 03:01:33,PaymentAPI,/api/payments,GET,502,425,4299,4685,SRV027,PRODUCTION,E106,N,
API000002236,2025-01-23 07:52:54,KYCAPI,/api/kyc,GET,504,48,3470,3590,SRV027,PRODUCTION,E103,Y,TXN0000000345
API000002238,2025-02-07 21:04:10,TransactionAPI,/api/transactions,GET,504,445,4941,898,SRV007,PRODUCTION,E106,Y,
API000002240,2024-08-13 01:47:30,LoanAPI,/api/loans,POST,503,37,4847,8293,SRV022,SIT,E103,N,TXN0000023770
API000002251,2025-10-31 20:32:51,KYCAPI,/api/kyc,GET,504,164,4780,231,SRV018,PRODUCTION,E104,Y,TXN0000020399
API000002275,2023-04-18 09:15:09,CustomerAPI,/api/customers,GET,504,307,1339,1292,SRV010,PRODUCTION,E103,Y,
API000002276,2025-04-14 07:45:41,TransactionAPI,/api/transactions,POST,504,367,1061,264,SRV028,PRODUCTION,E108,Y,TXN0000018384
API000002280,2026-05-13 15:26:51,FraudAPI,/api/fraud,GET,502,209,4979,4400,SRV005,PRODUCTION,E104,N,
API000002287,2026-07-25 00:53:16,KYCAPI,/api/kyc,GET,500,310,3069,6610,SRV016,PRODUCTION,E106,N,TXN0000013936
API000002288,2023-10-11 21:50:56,TransactionAPI,/api/transactions,GET,500,1167,3655,4332,SRV029,PRODUCTION,E101,N,
API000002296,2026-03-17 13:59:51,CustomerAPI,/api/customers,GET,500,32,4311,1090,SRV006,PRODUCTION,E106,N,TXN0000024789
API000002304,2025-04-26 05:35:26,AccountAPI,/api/accounts,POST,500,28,4181,2349,SRV028,UAT,E107,N,TXN0000021068
API000002305,2026-06-13 16:34:05,CustomerAPI,/api/customers,POST,504,68,1132,4185,SRV016,PRODUCTION,E111,Y,TXN0000008018
API000002307,2024-08-04 05:03:08,FraudAPI,/api/fraud,GET,503,480,3585,4051,SRV007,PRODUCTION,E108,N,TXN0000004201
API000002311,2023-11-06 10:41:27,AuthAPI,/api/auth,POST,503,139,4494,2829,SRV033,UAT,E102,N,TXN0000014603
API000002317,2023-11-25 23:31:15,TransactionAPI,/api/transactions,GET,504,188,4817,6722,SRV031,PRODUCTION,E103,Y,TXN0000002146
API000002318,2025-01-05 21:53:22,LoanAPI,/api/loans,GET,500,154,549,8957,SRV036,PRODUCTION,E101,N,TXN0000017398
API000002319,2025-03-11 11:28:18,AuthAPI,/api/auth,DELETE,500,182,230,5165,SRV024,PRODUCTION,E109,N,
API000002322,2023-08-26 20:12:20,LoanAPI,/api/loans,PUT,504,402,4951,8862,SRV040,PRODUCTION,E101,Y,
API000002324,2025-02-14 08:54:30,KYCAPI,/api/kyc,GET,500,236,2028,6705,SRV001,PRODUCTION,E105,N,
API000002326,2026-05-06 10:11:53,PaymentAPI,/api/payments,GET,500,30,4537,8770,SRV033,PRODUCTION,E104,N,TXN0000000302
API000002349,2024-12-19 23:02:56,LoanAPI,/api/loans,GET,502,121,2468,384,SRV025,PRODUCTION,E103,N,
API000002352,2024-02-18 09:36:27,PaymentAPI,/api/payments,POST,500,179,1873,2184,SRV007,PRODUCTION,E104,N,
API000002372,2023-08-05 02:47:35,StatementAPI,/api/statements,GET,500,63,2410,3975,SRV013,PRODUCTION,E102,N,
API000002378,2024-09-19 03:16:22,AuthAPI,/api/auth,POST,504,627,3428,4940,SRV040,PRODUCTION,E111,Y,
API000002379,2023-12-07 00:36:50,PaymentAPI,/api/payments,GET,504,242,892,225,SRV033,PRODUCTION,E100,Y,
API000002405,2026-04-23 16:51:53,FraudAPI,/api/fraud,POST,504,439,3204,4878,SRV001,PRODUCTION,E102,Y,TXN0000013590
API000002439,2023-07-03 15:37:19,TransactionAPI,/api/transactions,PUT,503,75,1352,6830,SRV027,UAT,E108,N,TXN0000013816
API000002461,2026-06-20 14:41:03,PaymentAPI,/api/payments,GET,502,72,1836,2368,SRV025,SIT,E108,N,TXN0000019718
API000002504,2024-12-30 02:22:24,KYCAPI,/api/kyc,GET,504,286,438,9451,SRV040,PRODUCTION,E106,Y,
API000002508,2026-05-14 12:13:29,AuthAPI,/api/auth,PUT,500,93,791,8214,SRV011,PRODUCTION,E108,N,TXN0000010312
API000002528,2025-04-04 16:59:12,NotificationAPI,/api/notifications,GET,500,142,4498,9980,SRV026,UAT,E101,N,TXN0000009362
API000002534,2026-05-01 01:23:09,PaymentAPI,/api/payments,POST,504,54,3537,3796,SRV020,UAT,E109,Y,TXN0000010980
API000002547,2024-09-20 00:16:19,LoanAPI,/api/loans,GET,504,72,2392,4719,SRV036,PRODUCTION,E105,Y,TXN0000001991
API000002549,2024-04-24 03:55:12,TransactionAPI,/api/transactions,POST,500,245,3728,5840,SRV008,PRODUCTION,E104,N,TXN0000008724
API000002559,2023-11-08 12:44:50,KYCAPI,/api/kyc,GET,500,93,1216,4542,SRV036,PRODUCTION,E101,N,TXN0000005026
API000002570,2024-06-30 01:14:19,AccountAPI,/api/accounts,GET,500,214,1326,1335,SRV034,PRODUCTION,E102,N,TXN0000012281
API000002583,2023-02-23 22:02:59,NotificationAPI,/api/notifications,PUT,500,273,763,2407,SRV008,UAT,E103,N,
API000002592,2026-02-07 02:16:16,NotificationAPI,/api/notifications,GET,503,136,3994,3410,SRV005,SIT,E106,N,
API000002606,2023-10-08 08:40:20,FraudAPI,/api/fraud,GET,502,196,750,8595,SRV033,PRODUCTION,E101,N,TXN0000005215
API000002617,2025-07-23 22:18:18,FraudAPI,/api/fraud,GET,500,255,4042,6225,SRV021,PRODUCTION,E106,N,
API000002621,2025-10-21 17:31:19,LoanAPI,/api/loans,POST,504,544,2544,5030,SRV014,PRODUCTION,E105,Y,
API000002631,2023-09-09 02:12:26,PaymentAPI,/api/payments,POST,500,131,3286,230,SRV004,SIT,E104,N,TXN0000021999
API000002640,2025-01-22 18:50:16,LoanAPI,/api/loans,GET,504,460,2142,5894,SRV015,PRODUCTION,E108,Y,TXN0000021993
API000002647,2023-04-05 11:58:33,TransactionAPI,/api/transactions,POST,500,276,1238,7152,SRV027,PRODUCTION,E101,N,
API000002657,2025-06-06 07:02:30,FraudAPI,/api/fraud,GET,500,235,729,4912,SRV025,PRODUCTION,E100,N,
API000002664,2025-08-26 16:13:49,NotificationAPI,/api/notifications,GET,502,646,3722,341,SRV030,PRODUCTION,E106,N,
API000002671,2025-10-23 08:21:35,KYCAPI,/api/kyc,POST,500,259,1852,3862,SRV003,PRODUCTION,E105,N,TXN0000017385
API000002708,2026-02-10 07:34:35,AccountAPI,/api/accounts,GET,503,98,428,9923,SRV013,PRODUCTION,E108,N,TXN0000002256
API000002723,2023-02-16 18:05:49,AuthAPI,/api/auth,GET,500,169,1220,1041,SRV006,PRODUCTION,E104,N,
API000002729,2023-11-27 17:38:08,LoanAPI,/api/loans,POST,503,397,3059,8495,SRV032,UAT,E103,N,
API000002737,2023-02-04 03:47:51,AccountAPI,/api/accounts,POST,503,275,4207,9399,SRV030,PRODUCTION,E104,N,TXN0000023479
API000002739,2025-07-20 01:14:39,KYCAPI,/api/kyc,POST,504,1148,2126,6119,SRV007,PRODUCTION,E111,Y,TXN0000023426
API000002751,2025-10-29 09:11:28,AuthAPI,/api/auth,GET,502,162,3026,1826,SRV040,PRODUCTION,E105,N,
API000002779,2024-07-05 14:41:30,TransactionAPI,/api/transactions,GET,500,248,1566,5060,SRV009,PRODUCTION,E105,N,TXN0000004918
API000002792,2024-04-18 19:11:19,AccountAPI,/api/accounts,POST,500,353,1905,9133,SRV031,PRODUCTION,E103,N,TXN0000018792
API000002798,2023-12-24 19:15:25,TransactionAPI,/api/transactions,GET,503,127,4907,6515,SRV008,SIT,E108,N,TXN0000007308
API000002807,2025-05-21 18:11:57,KYCAPI,/api/kyc,GET,500,178,2547,5267,SRV034,PRODUCTION,E110,N,TXN0000021701
API000002814,2023-09-10 15:10:42,TransactionAPI,/api/transactions,GET,500,195,1515,6857,SRV018,PRODUCTION,E106,N,TXN0000017532
API000002822,2024-01-21 17:57:47,StatementAPI,/api/statements,POST,500,174,3026,4776,SRV002,PRODUCTION,E102,N,TXN0000021824
API000002839,2026-03-26 07:08:00,KYCAPI,/api/kyc,GET,500,64,628,7523,SRV020,PRODUCTION,E106,N,
API000002846,2025-01-30 16:47:32,PaymentAPI,/api/payments,GET,504,398,4854,1254,SRV038,PRODUCTION,E100,Y,TXN0000014431
API000002860,2025-10-27 20:06:39,PaymentAPI,/api/payments,GET,500,575,3553,8957,SRV008,PRODUCTION,E110,N,TXN0000016642
API000002866,2025-10-02 19:26:38,StatementAPI,/api/statements,POST,504,426,3428,3333,SRV031,SIT,E109,Y,TXN0000011111
API000002897,2023-11-25 19:42:51,TransactionAPI,/api/transactions,POST,504,227,4959,8727,SRV008,PRODUCTION,E101,Y,TXN0000003967
API000002903,2025-11-16 03:48:33,KYCAPI,/api/kyc,POST,502,94,3284,4932,SRV002,UAT,E100,N,
API000002904,2023-10-11 14:09:18,FraudAPI,/api/fraud,POST,504,120,2702,8390,SRV015,UAT,E109,Y,TXN0000016726
API000002908,2024-11-09 00:52:33,AuthAPI,/api/auth,GET,500,172,600,9433,SRV013,UAT,E109,N,
API000002930,2023-12-01 22:13:31,FraudAPI,/api/fraud,GET,503,234,334,6421,SRV034,SIT,E105,N,TXN0000008922
API000002952,2024-11-08 15:32:50,CustomerAPI,/api/customers,DELETE,503,397,2557,4428,SRV038,PRODUCTION,E106,N,TXN0000001060
API000002954,2025-09-28 15:49:51,NotificationAPI,/api/notifications,PUT,502,115,4613,739,SRV034,PRODUCTION,E107,N,TXN0000010224
API000002984,2024-04-15 09:48:48,FraudAPI,/api/fraud,GET,504,248,221,7715,SRV024,PRODUCTION,E103,Y,TXN0000017950
API000002992,2024-07-16 11:36:00,PaymentAPI,/api/payments,GET,500,134,234,284,SRV011,PRODUCTION,E108,N,
API000002996,2023-07-21 01:58:50,NotificationAPI,/api/notifications,POST,502,138,575,8427,SRV038,PRODUCTION,E105,N,TXN0000022772
API000003024,2026-06-29 02:22:55,StatementAPI,/api/statements,PUT,503,107,334,9283,SRV034,PRODUCTION,E107,N,
API000003032,2026-01-19 10:38:30,TransactionAPI,/api/transactions,GET,504,94,178,3890,SRV016,PRODUCTION,E102,Y,
API000003060,2023-09-06 08:54:45,StatementAPI,/api/statements,POST,502,69,4269,5120,SRV011,PRODUCTION,E104,N,TXN0000017160
API000003079,2026-01-01 10:36:46,CustomerAPI,/api/customers,PUT,504,105,3970,3453,SRV004,PRODUCTION,E100,Y,
API000003080,2023-11-26 20:51:40,AuthAPI,/api/auth,POST,502,364,2335,3320,SRV032,PRODUCTION,E106,N,TXN0000015253
API000003096,2024-07-25 15:49:53,StatementAPI,/api/statements,GET,500,127,672,9613,SRV009,PRODUCTION,E108,N,TXN0000011233
API000003102,2026-02-19 00:27:01,LoanAPI,/api/loans,PUT,502,323,4692,8372,SRV024,PRODUCTION,E103,N,TXN0000014420
API000003104,2026-05-23 03:01:14,StatementAPI,/api/statements,POST,503,287,1535,4204,SRV020,PRODUCTION,E102,N,
API000003105,2023-06-07 09:50:55,NotificationAPI,/api/notifications,PUT,500,28,561,9386,SRV027,PRODUCTION,E106,N,
API000003115,2024-05-13 15:56:32,TransactionAPI,/api/transactions,GET,500,435,2039,4050,SRV024,PRODUCTION,E101,N,TXN0000000770
API000003128,2023-06-07 10:14:21,AccountAPI,/api/accounts,GET,502,88,4740,8518,SRV009,PRODUCTION,E110,N,TXN0000005684
API000003133,2024-12-20 00:51:02,KYCAPI,/api/kyc,PUT,500,193,861,9695,SRV036,PRODUCTION,E109,N,
API000003148,2025-04-16 22:33:04,AuthAPI,/api/auth,POST,503,516,3884,2363,SRV004,PRODUCTION,E102,N,TXN0000019529
API000003155,2024-05-14 17:57:05,AuthAPI,/api/auth,PUT,504,236,3086,2161,SRV028,SIT,E106,Y,TXN0000019968
API000003160,2025-06-26 03:02:01,AuthAPI,/api/auth,DELETE,500,546,2407,1855,SRV031,PRODUCTION,E106,N,TXN0000004542
API000003171,2024-07-09 08:58:17,NotificationAPI,/api/notifications,POST,502,96,986,8207,SRV030,PRODUCTION,E105,N,
API000003177,2024-10-08 12:36:59,PaymentAPI,/api/payments,POST,503,253,960,3112,SRV024,PRODUCTION,E105,N,
API000003180,2023-10-30 21:00:21,TransactionAPI,/api/transactions,POST,502,427,2939,5310,SRV034,PRODUCTION,E102,N,TXN0000019825
API000003186,2025-05-08 10:21:48,NotificationAPI,/api/notifications,GET,503,22,2403,9463,SRV010,SIT,E106,N,
API000003190,2024-08-06 22:45:49,AuthAPI,/api/auth,GET,500,332,3644,3570,SRV018,UAT,E103,N,TXN0000008451
API000003195,2023-10-04 19:31:03,StatementAPI,/api/statements,GET,504,302,2640,5159,SRV003,UAT,E100,Y,TXN0000000311
API000003197,2025-03-27 14:38:09,FraudAPI,/api/fraud,GET,503,883,4591,5043,SRV024,PRODUCTION,E110,N,TXN0000000467
API000003200,2026-05-16 01:27:04,CustomerAPI,/api/customers,POST,500,120,744,7017,SRV003,PRODUCTION,E109,N,
API000003225,2025-07-18 07:31:41,TransactionAPI,/api/transactions,GET,500,139,260,9489,SRV021,PRODUCTION,E107,N,TXN0000019845
API000003236,2024-04-25 15:26:49,FraudAPI,/api/fraud,POST,500,103,2551,3144,SRV035,PRODUCTION,E104,N,TXN0000014492
API000003242,2023-10-18 13:39:51,StatementAPI,/api/statements,POST,503,149,3249,7714,SRV033,PRODUCTION,E111,N,TXN0000000100
API000003254,2025-10-06 15:34:22,TransactionAPI,/api/transactions,GET,504,174,1453,5118,SRV028,UAT,E101,Y,
API000003265,2023-02-21 04:53:05,AuthAPI,/api/auth,POST,503,187,108,5440,SRV035,PRODUCTION,E100,N,TXN0000013181
API000003274,2026-06-09 11:01:17,NotificationAPI,/api/notifications,GET,500,49,4711,9240,SRV026,PRODUCTION,E100,N,TXN0000023794
API000003285,2024-10-25 01:16:31,PaymentAPI,/api/payments,GET,503,161,1991,245,SRV014,PRODUCTION,E105,N,TXN0000004553
API000003304,2023-02-21 12:59:25,AccountAPI,/api/accounts,POST,500,68,703,2671,SRV036,SIT,E104,N,TXN0000002968
API000003312,2024-10-28 06:17:16,StatementAPI,/api/statements,GET,500,568,510,7705,SRV014,PRODUCTION,E106,N,TXN0000001893
API000003337,2026-03-01 13:18:48,LoanAPI,/api/loans,POST,500,292,4088,9505,SRV009,PRODUCTION,E111,N,
API000003339,2024-03-30 01:52:50,StatementAPI,/api/statements,PUT,502,1068,3736,3643,SRV039,PRODUCTION,E102,N,
API000003344,2026-04-12 18:09:11,StatementAPI,/api/statements,GET,503,639,2795,6052,SRV011,PRODUCTION,E109,N,TXN0000016986
API000003365,2023-05-22 13:42:53,AuthAPI,/api/auth,POST,504,301,3317,8406,SRV036,PRODUCTION,E106,Y,TXN0000013882
API000003393,2023-07-25 03:04:41,TransactionAPI,/api/transactions,PUT,500,350,3999,4659,SRV017,PRODUCTION,E110,N,TXN0000015562
API000003401,2024-02-08 19:41:50,NotificationAPI,/api/notifications,GET,502,101,448,7062,SRV035,PRODUCTION,E104,N,TXN0000000642
API000003404,2024-12-04 03:17:45,CustomerAPI,/api/customers,POST,500,144,2628,4897,SRV028,PRODUCTION,E105,N,
API000003409,2025-07-23 04:20:45,AccountAPI,/api/accounts,GET,500,210,792,1806,SRV006,SIT,E111,N,TXN0000004285
API000003410,2026-01-02 20:13:00,CustomerAPI,/api/customers,POST,504,146,206,5578,SRV013,PRODUCTION,E111,Y,
API000003424,2026-03-19 19:49:40,TransactionAPI,/api/transactions,POST,503,91,362,8710,SRV034,SIT,E100,N,
API000003441,2023-01-23 10:16:29,TransactionAPI,/api/transactions,GET,500,321,953,3755,SRV026,PRODUCTION,E109,N,
API000003444,2025-03-11 10:37:15,NotificationAPI,/api/notifications,POST,500,638,524,1877,SRV014,PRODUCTION,E106,N,TXN0000009506
API000003449,2025-07-15 20:39:44,CustomerAPI,/api/customers,POST,504,213,1147,6525,SRV016,PRODUCTION,E102,Y,TXN0000000355
API000003450,2023-04-14 14:17:36,CustomerAPI,/api/customers,PUT,502,152,3258,776,SRV010,PRODUCTION,E107,N,
API000003456,2026-03-06 15:37:58,PaymentAPI,/api/payments,GET,502,407,1431,4833,SRV004,PRODUCTION,E105,N,
API000003457,2025-12-12 17:55:25,StatementAPI,/api/statements,POST,500,50,2656,6324,SRV017,PRODUCTION,E103,N,
API000003459,2024-01-29 03:18:06,AuthAPI,/api/auth,PUT,500,200,3624,9445,SRV013,UAT,E100,N,
API000003463,2024-08-12 23:41:11,AuthAPI,/api/auth,POST,500,238,2945,5433,SRV002,UAT,E105,N,
API000003485,2025-04-18 16:27:55,CustomerAPI,/api/customers,POST,504,132,4286,4104,SRV036,PRODUCTION,E108,Y,TXN0000022354
API000003495,2023-03-31 09:08:58,AuthAPI,/api/auth,POST,503,293,3187,1247,SRV006,PRODUCTION,E102,N,TXN0000024060
API000003504,2025-08-02 09:26:38,TransactionAPI,/api/transactions,GET,500,296,4672,3408,SRV037,SIT,E101,N,TXN0000017346
API000003518,2025-08-19 23:33:54,PaymentAPI,/api/payments,GET,504,194,2446,5220,SRV014,PRODUCTION,E106,Y,
API000003525,2023-01-03 15:32:00,FraudAPI,/api/fraud,PUT,504,245,4197,3061,SRV024,PRODUCTION,E106,Y,
API000003556,2023-11-17 10:58:09,FraudAPI,/api/fraud,GET,500,61,1586,4355,SRV024,UAT,E108,N,TXN0000016079
API000003557,2024-07-08 21:01:01,TransactionAPI,/api/transactions,GET,504,244,3262,623,SRV040,PRODUCTION,E103,Y,
API000003559,2026-06-05 02:49:49,TransactionAPI,/api/transactions,POST,502,33,2869,8158,SRV032,PRODUCTION,E103,N,TXN0000017490
API000003561,2023-01-25 02:30:08,PaymentAPI,/api/payments,GET,504,284,1586,4396,SRV039,PRODUCTION,E107,Y,
API000003569,2025-04-28 22:32:33,LoanAPI,/api/loans,GET,500,738,4157,4180,SRV008,PRODUCTION,E106,N,TXN0000009775
API000003599,2026-01-20 22:14:33,AccountAPI,/api/accounts,GET,504,181,4382,3791,SRV035,PRODUCTION,E103,Y,TXN0000019282
API000003607,2025-12-18 08:33:13,TransactionAPI,/api/transactions,POST,500,74,2647,6920,SRV017,PRODUCTION,E111,N,
API000003618,2026-04-25 07:55:59,NotificationAPI,/api/notifications,GET,500,412,573,3245,SRV027,PRODUCTION,E108,N,TXN0000001674
API000003621,2023-11-10 18:16:30,AccountAPI,/api/accounts,GET,500,78,2905,3077,SRV004,PRODUCTION,E111,N,TXN0000023797
API000003628,2025-12-13 04:53:18,CustomerAPI,/api/customers,POST,500,230,1383,9039,SRV014,PRODUCTION,E103,N,
API000003638,2023-06-24 07:30:59,LoanAPI,/api/loans,GET,500,302,1800,4966,SRV033,PRODUCTION,E110,N,TXN0000018125
API000003649,2024-09-18 09:59:08,KYCAPI,/api/kyc,GET,504,78,1291,5807,SRV020,PRODUCTION,E107,Y,TXN0000015842
API000003654,2023-06-03 11:10:37,PaymentAPI,/api/payments,PUT,502,357,2611,3153,SRV038,UAT,E110,N,TXN0000019062
API000003676,2023-06-05 07:42:03,PaymentAPI,/api/payments,POST,500,63,876,6531,SRV015,PRODUCTION,E102,N,TXN0000012602
API000003685,2023-11-18 05:43:19,PaymentAPI,/api/payments,POST,500,165,4656,8423,SRV031,UAT,E108,N,TXN0000008829
API000003699,2023-09-21 09:09:43,AccountAPI,/api/accounts,POST,500,104,359,5300,SRV026,PRODUCTION,E100,N,
API000003702,2026-04-14 18:12:18,AccountAPI,/api/accounts,GET,500,87,633,7299,SRV004,PRODUCTION,E101,N,TXN0000006760
API000003706,2024-01-29 10:36:34,AccountAPI,/api/accounts,POST,500,232,1216,586,SRV008,PRODUCTION,E102,N,
API000003713,2026-06-12 06:03:19,LoanAPI,/api/loans,POST,502,521,283,2160,SRV024,PRODUCTION,E111,N,TXN0000017024
API000003714,2026-03-28 00:13:11,KYCAPI,/api/kyc,GET,504,180,857,4428,SRV038,PRODUCTION,E109,Y,TXN0000009203
API000003717,2024-11-15 16:20:55,CustomerAPI,/api/customers,GET,504,78,3261,5123,SRV009,PRODUCTION,E111,Y,
API000003727,2025-08-28 08:59:48,AccountAPI,/api/accounts,GET,500,379,1799,4167,SRV022,PRODUCTION,E103,N,
API000003728,2024-05-16 04:46:56,KYCAPI,/api/kyc,POST,502,245,867,7190,SRV018,PRODUCTION,E105,N,TXN0000000698
API000003730,2024-02-17 03:13:05,LoanAPI,/api/loans,DELETE,504,368,3545,1657,SRV025,UAT,E102,Y,TXN0000023413
API000003732,2024-09-24 07:09:54,PaymentAPI,/api/payments,GET,504,269,339,804,SRV029,PRODUCTION,E108,Y,
API000003741,2024-04-20 09:48:47,CustomerAPI,/api/customers,POST,504,431,778,7641,SRV015,PRODUCTION,E108,Y,
API000003761,2025-06-16 14:54:12,AccountAPI,/api/accounts,GET,502,176,2722,831,SRV023,PRODUCTION,E109,N,
API000003773,2025-06-20 01:44:04,StatementAPI,/api/statements,GET,502,122,4403,3540,SRV016,PRODUCTION,E104,N,TXN0000014254
API000003777,2024-08-15 18:09:47,TransactionAPI,/api/transactions,POST,500,359,174,5807,SRV004,PRODUCTION,E104,N,
API000003785,2026-02-23 11:37:28,LoanAPI,/api/loans,POST,500,217,1181,7438,SRV014,PRODUCTION,E105,N,TXN0000014415
API000003787,2025-06-25 08:17:54,AccountAPI,/api/accounts,GET,504,231,1331,7544,SRV038,PRODUCTION,E102,Y,TXN0000000170
API000003805,2023-03-30 14:53:23,StatementAPI,/api/statements,GET,502,131,2625,1704,SRV013,PRODUCTION,E102,N,TXN0000020790
API000003823,2025-12-09 03:03:42,CustomerAPI,/api/customers,GET,502,347,2036,7943,SRV016,PRODUCTION,E104,N,TXN0000008231
API000003826,2023-07-07 21:09:38,TransactionAPI,/api/transactions,PUT,500,280,3597,279,SRV002,PRODUCTION,E107,N,TXN0000018462
API000003827,2025-06-14 09:24:28,PaymentAPI,/api/payments,PUT,502,307,286,2135,SRV020,UAT,E101,N,
API000003855,2024-04-04 19:03:55,KYCAPI,/api/kyc,GET,500,110,2632,5822,SRV001,PRODUCTION,E102,N,
API000003870,2024-04-28 14:56:05,AuthAPI,/api/auth,GET,503,130,4886,5082,SRV025,PRODUCTION,E109,N,TXN0000023103
API000003873,2023-08-15 12:16:44,NotificationAPI,/api/notifications,GET,500,202,3397,6479,SRV014,UAT,E106,N,
API000003889,2024-04-03 07:18:44,LoanAPI,/api/loans,POST,500,325,4194,2364,SRV029,PRODUCTION,E109,N,TXN0000021308
API000003893,2025-11-07 08:55:45,CustomerAPI,/api/customers,GET,504,65,3878,9460,SRV016,PRODUCTION,E105,Y,TXN0000013312
API000003900,2023-03-22 23:11:29,StatementAPI,/api/statements,POST,504,100,3033,7370,SRV001,UAT,E105,Y,TXN0000023436
API000003901,2024-06-09 02:40:24,CustomerAPI,/api/customers,POST,500,219,3691,8503,SRV027,PRODUCTION,E110,N,TXN0000005885
API000003903,2025-10-07 15:19:56,AccountAPI,/api/accounts,PUT,504,170,1686,3776,SRV031,SIT,E107,Y,TXN0000013520
API000003909,2026-07-07 12:00:10,CustomerAPI,/api/customers,PUT,500,1076,1672,4672,SRV037,PRODUCTION,E111,N,TXN0000004016
API000003910,2023-10-11 05:45:32,KYCAPI,/api/kyc,POST,500,174,893,1548,SRV021,PRODUCTION,E100,N,
API000003911,2023-04-19 11:57:03,LoanAPI,/api/loans,GET,500,149,1834,3640,SRV040,PRODUCTION,E107,N,TXN0000010113
API000003917,2025-09-04 22:37:33,PaymentAPI,/api/payments,POST,504,118,642,3722,SRV032,PRODUCTION,E106,Y,TXN0000016071
API000003920,2024-11-10 09:26:48,StatementAPI,/api/statements,DELETE,504,431,2661,1370,SRV040,PRODUCTION,E103,Y,TXN0000002035
API000003922,2025-02-28 03:44:03,AuthAPI,/api/auth,GET,500,1305,2639,5584,SRV017,PRODUCTION,E100,N,TXN0000001231
API000003927,2023-10-21 10:11:05,CustomerAPI,/api/customers,POST,504,212,4241,4429,SRV030,PRODUCTION,E102,Y,TXN0000010046
API000003930,2025-12-06 05:23:59,FraudAPI,/api/fraud,PUT,504,153,3482,8438,SRV012,PRODUCTION,E100,Y,
API000003935,2026-07-25 00:53:10,TransactionAPI,/api/transactions,GET,500,158,4144,8162,SRV029,PRODUCTION,E109,N,TXN0000006449
API000003942,2023-10-04 22:22:31,LoanAPI,/api/loans,GET,500,403,2075,6890,SRV035,PRODUCTION,E106,N,
API000003957,2026-01-10 23:38:37,StatementAPI,/api/statements,GET,503,70,1149,903,SRV004,PRODUCTION,E105,N,
API000003966,2025-12-23 05:28:32,NotificationAPI,/api/notifications,POST,504,101,2619,5084,SRV013,PRODUCTION,E100,Y,TXN0000013134
API000003970,2026-02-09 11:11:37,PaymentAPI,/api/payments,GET,504,475,4420,7841,SRV004,UAT,E107,Y,TXN0000000394
API000003973,2025-02-07 09:54:24,AuthAPI,/api/auth,GET,500,247,3711,8557,SRV012,PRODUCTION,E110,N,TXN0000006236
API000003974,2025-04-25 04:38:01,StatementAPI,/api/statements,PUT,504,368,1886,5042,SRV024,PRODUCTION,E101,Y,
API000003979,2023-03-10 12:08:10,TransactionAPI,/api/transactions,DELETE,502,106,1859,9862,SRV002,PRODUCTION,E108,N,
API000003989,2023-07-29 21:05:25,TransactionAPI,/api/transactions,GET,504,106,1572,6237,SRV027,PRODUCTION,E100,Y,TXN0000004483
API000003999,2023-06-28 15:33:05,StatementAPI,/api/statements,POST,504,144,1731,2665,SRV022,PRODUCTION,E101,Y,
API000004001,2026-06-09 02:13:18,AccountAPI,/api/accounts,GET,500,216,3678,2611,SRV036,UAT,E105,N,
API000004005,2024-02-01 14:59:47,LoanAPI,/api/loans,POST,504,1130,2781,4535,SRV002,PRODUCTION,E106,Y,
API000004023,2024-03-13 13:18:17,PaymentAPI,/api/payments,GET,504,586,3926,2273,SRV023,PRODUCTION,E104,Y,
API000004029,2025-03-26 00:23:00,AuthAPI,/api/auth,PUT,503,92,1466,714,SRV026,PRODUCTION,E108,N,TXN0000008582
API000004040,2026-05-12 08:16:00,AccountAPI,/api/accounts,POST,503,142,475,4391,SRV003,PRODUCTION,E102,N,TXN0000011398
API000004061,2024-06-29 16:50:39,CustomerAPI,/api/customers,GET,504,58,1376,374,SRV015,PRODUCTION,E110,Y,TXN0000002259
API000004063,2026-01-18 02:24:49,TransactionAPI,/api/transactions,PUT,500,2260,859,5125,SRV019,PRODUCTION,E109,N,TXN0000004502
API000004066,2024-11-30 12:27:59,AuthAPI,/api/auth,GET,503,637,3363,6755,SRV027,PRODUCTION,E105,N,TXN0000023633
API000004072,2024-05-25 23:45:38,PaymentAPI,/api/payments,GET,504,188,1146,5613,SRV004,PRODUCTION,E111,Y,TXN0000008156
API000004082,2024-10-10 10:26:11,PaymentAPI,/api/payments,GET,503,352,1209,322,SRV036,PRODUCTION,E106,N,
API000004085,2024-04-13 03:10:47,AccountAPI,/api/accounts,GET,504,67,2532,2541,SRV021,PRODUCTION,E100,Y,TXN0000001447
API000004098,2024-11-02 15:22:05,LoanAPI,/api/loans,GET,500,130,2007,9870,SRV003,PRODUCTION,E107,N,TXN0000012652
API000004108,2025-06-24 07:41:08,StatementAPI,/api/statements,POST,504,423,2144,3485,SRV001,PRODUCTION,E102,Y,
API000004134,2023-07-25 22:48:32,CustomerAPI,/api/customers,GET,500,253,1436,8974,SRV028,UAT,E101,N,TXN0000012602
API000004135,2025-01-26 15:25:06,FraudAPI,/api/fraud,PUT,504,216,4348,8176,SRV008,PRODUCTION,E100,Y,TXN0000015582
API000004159,2025-03-04 02:30:42,PaymentAPI,/api/payments,POST,502,135,3291,9820,SRV040,PRODUCTION,E108,N,TXN0000011667
API000004183,2025-12-22 00:19:28,AccountAPI,/api/accounts,PUT,503,57,3154,9706,SRV034,PRODUCTION,E111,N,TXN0000011628
API000004200,2023-10-15 06:49:37,FraudAPI,/api/fraud,DELETE,502,47,1465,5098,SRV003,PRODUCTION,E102,N,TXN0000006560
API000004217,2025-12-24 08:50:07,StatementAPI,/api/statements,PUT,504,129,120,5088,SRV017,UAT,E110,Y,
API000004230,2024-08-19 09:32:24,CustomerAPI,/api/customers,GET,502,217,4331,6970,SRV015,UAT,E100,N,TXN0000014784
API000004237,2023-09-19 16:18:24,KYCAPI,/api/kyc,GET,500,435,2656,3831,SRV040,PRODUCTION,E104,N,TXN0000017270
API000004238,2023-06-19 01:59:14,KYCAPI,/api/kyc,GET,500,267,4770,2856,SRV038,PRODUCTION,E104,N,
API000004240,2024-09-03 09:12:52,StatementAPI,/api/statements,GET,500,106,1936,1341,SRV024,PRODUCTION,E108,N,TXN0000003660
API000004243,2025-09-12 23:01:36,FraudAPI,/api/fraud,PUT,500,99,1353,9792,SRV024,PRODUCTION,E107,N,
API000004249,2024-06-21 00:00:27,AuthAPI,/api/auth,GET,502,20,4176,2919,SRV035,UAT,E110,N,
API000004254,2025-06-24 15:08:22,TransactionAPI,/api/transactions,PUT,504,176,2238,8320,SRV034,PRODUCTION,E108,Y,
API000004266,2023-07-04 16:51:04,AccountAPI,/api/accounts,POST,500,118,2289,8627,SRV035,PRODUCTION,E107,N,
API000004270,2025-09-16 18:22:21,KYCAPI,/api/kyc,GET,500,267,2909,799,SRV024,PRODUCTION,E109,N,
API000004272,2024-07-18 09:17:40,KYCAPI,/api/kyc,GET,500,409,462,8841,SRV008,PRODUCTION,E108,N,
API000004286,2025-01-26 10:05:42,StatementAPI,/api/statements,GET,500,85,2329,2286,SRV023,PRODUCTION,E102,N,
API000004305,2023-04-07 23:44:13,AuthAPI,/api/auth,GET,503,619,2551,4837,SRV013,PRODUCTION,E100,N,TXN0000019676
API000004314,2026-01-23 23:10:12,PaymentAPI,/api/payments,GET,502,486,2763,9302,SRV008,PRODUCTION,E108,N,TXN0000023990
API000004327,2023-11-03 13:14:31,KYCAPI,/api/kyc,POST,500,209,3648,4362,SRV027,PRODUCTION,E106,N,
API000004345,2024-08-02 04:54:48,AuthAPI,/api/auth,PUT,504,110,817,7375,SRV029,PRODUCTION,E108,Y,
API000004346,2026-07-18 15:32:23,PaymentAPI,/api/payments,POST,502,120,3972,6850,SRV036,PRODUCTION,E102,N,
API000004349,2024-06-14 22:15:20,AuthAPI,/api/auth,GET,504,71,3220,7998,SRV019,PRODUCTION,E104,Y,
API000004357,2024-08-27 20:12:45,KYCAPI,/api/kyc,POST,500,92,3871,3178,SRV004,PRODUCTION,E100,N,TXN0000022581
API000004359,2026-01-29 19:14:23,PaymentAPI,/api/payments,GET,502,356,3528,8911,SRV008,PRODUCTION,E111,N,
API000004362,2024-08-27 02:47:01,FraudAPI,/api/fraud,POST,500,227,184,5671,SRV025,PRODUCTION,E110,N,TXN0000011344
API000004363,2023-08-24 05:22:53,NotificationAPI,/api/notifications,PUT,500,124,1710,9403,SRV001,PRODUCTION,E111,N,
API000004375,2026-01-10 11:31:22,TransactionAPI,/api/transactions,PUT,502,1084,4666,3844,SRV002,SIT,E100,N,TXN0000011066
API000004417,2025-10-22 08:39:42,AccountAPI,/api/accounts,PUT,500,288,3881,6916,SRV040,PRODUCTION,E100,N,TXN0000002577
API000004433,2026-02-13 05:07:16,StatementAPI,/api/statements,POST,504,243,4742,8624,SRV024,PRODUCTION,E101,Y,TXN0000006564
API000004448,2023-08-01 23:44:18,AccountAPI,/api/accounts,POST,502,111,3577,8279,SRV038,PRODUCTION,E108,N,TXN0000009419
API000004461,2026-03-15 21:29:19,PaymentAPI,/api/payments,GET,502,86,2372,7678,SRV012,PRODUCTION,E107,N,TXN0000009328
API000004477,2025-05-08 19:16:17,FraudAPI,/api/fraud,POST,500,588,1836,9414,SRV016,PRODUCTION,E107,N,
API000004488,2024-01-11 07:15:08,NotificationAPI,/api/notifications,POST,502,353,1283,5152,SRV020,PRODUCTION,E111,N,
API000004489,2023-11-19 07:53:24,FraudAPI,/api/fraud,GET,503,195,3611,4396,SRV019,PRODUCTION,E107,N,TXN0000022037
API000004496,2026-05-22 00:40:49,LoanAPI,/api/loans,GET,504,2016,2722,9935,SRV039,PRODUCTION,E105,Y,
API000004506,2026-07-02 12:00:44,TransactionAPI,/api/transactions,GET,500,43,4961,7224,SRV004,PRODUCTION,E106,N,TXN0000023287
API000004514,2024-10-28 18:32:06,FraudAPI,/api/fraud,PUT,502,154,4621,3038,SRV016,PRODUCTION,E101,N,TXN0000008693
API000004535,2023-09-30 08:41:47,LoanAPI,/api/loans,GET,503,115,3782,4788,SRV011,PRODUCTION,E106,N,TXN0000009289
API000004558,2024-04-07 14:11:07,AccountAPI,/api/accounts,GET,504,170,2995,5992,SRV009,PRODUCTION,E100,Y,
API000004569,2024-07-30 17:20:39,StatementAPI,/api/statements,PUT,500,183,1634,9761,SRV019,PRODUCTION,E109,N,TXN0000021943
API000004571,2024-01-26 10:53:34,NotificationAPI,/api/notifications,POST,504,112,2540,9829,SRV021,PRODUCTION,E106,Y,TXN0000019105
API000004575,2024-09-13 14:31:31,LoanAPI,/api/loans,DELETE,500,94,1446,6374,SRV006,PRODUCTION,E105,N,TXN0000009185
API000004576,2024-11-22 22:10:38,AuthAPI,/api/auth,POST,504,136,3154,758,SRV020,PRODUCTION,E105,Y,TXN0000019387
API000004581,2023-10-19 00:54:02,PaymentAPI,/api/payments,POST,503,186,2602,7853,SRV001,UAT,E110,N,
API000004599,2023-04-21 04:12:08,StatementAPI,/api/statements,PUT,500,258,2119,7502,SRV011,PRODUCTION,E103,N,TXN0000003623
API000004603,2024-07-11 12:23:47,LoanAPI,/api/loans,GET,500,108,3542,4286,SRV036,PRODUCTION,E105,N,
API000004615,2025-09-03 18:34:38,TransactionAPI,/api/transactions,GET,500,100,2791,1130,SRV034,PRODUCTION,E102,N,
API000004616,2023-08-18 19:20:20,AccountAPI,/api/accounts,DELETE,500,95,104,1515,SRV006,PRODUCTION,E111,N,
API000004618,2024-03-14 13:37:27,LoanAPI,/api/loans,GET,504,273,2956,2744,SRV034,PRODUCTION,E101,Y,TXN0000005536
API000004638,2026-03-03 16:12:31,CustomerAPI,/api/customers,POST,504,96,4840,5767,SRV011,SIT,E111,Y,
API000004656,2023-04-17 10:38:07,FraudAPI,/api/fraud,POST,500,199,3420,1980,SRV010,PRODUCTION,E108,N,TXN0000000632
API000004665,2023-08-27 22:52:16,NotificationAPI,/api/notifications,POST,504,201,3097,2043,SRV012,PRODUCTION,E104,Y,TXN0000006493
API000004667,2024-06-04 04:14:13,PaymentAPI,/api/payments,DELETE,500,763,1069,6302,SRV037,PRODUCTION,E100,N,
API000004671,2024-09-28 15:34:50,KYCAPI,/api/kyc,POST,504,361,4636,5175,SRV011,PRODUCTION,E111,Y,
API000004675,2023-08-15 15:10:54,KYCAPI,/api/kyc,POST,503,339,3176,4403,SRV005,PRODUCTION,E100,N,
API000004694,2025-10-04 19:59:14,AuthAPI,/api/auth,POST,503,223,2839,7891,SRV009,PRODUCTION,E110,N,
API000004696,2024-06-17 16:26:18,AccountAPI,/api/accounts,POST,503,21,3861,7593,SRV017,PRODUCTION,E102,N,TXN0000021033
API000004704,2023-08-22 11:00:28,CustomerAPI,/api/customers,GET,504,650,683,5483,SRV012,PRODUCTION,E111,Y,TXN0000000698
API000004719,2026-05-02 20:19:48,FraudAPI,/api/fraud,POST,500,277,673,6970,SRV032,PRODUCTION,E103,N,TXN0000002291
API000004720,2026-03-31 17:25:11,NotificationAPI,/api/notifications,POST,504,66,759,5790,SRV025,SIT,E103,Y,
API000004725,2026-07-17 12:42:34,TransactionAPI,/api/transactions,GET,503,212,1010,5666,SRV012,PRODUCTION,E101,N,TXN0000018770
API000004727,2025-07-14 08:29:38,LoanAPI,/api/loans,POST,502,164,4857,6495,SRV034,PRODUCTION,E102,N,
API000004729,2023-08-04 16:47:47,PaymentAPI,/api/payments,POST,502,90,1262,1735,SRV003,PRODUCTION,E111,N,TXN0000013720
API000004732,2023-04-01 06:27:52,LoanAPI,/api/loans,PUT,500,162,4835,9920,SRV037,SIT,E104,N,
API000004741,2024-09-27 05:41:12,KYCAPI,/api/kyc,POST,503,340,4501,8640,SRV012,UAT,E108,N,
API000004746,2024-02-11 16:09:32,CustomerAPI,/api/customers,POST,500,236,901,1990,SRV036,PRODUCTION,E105,N,
API000004761,2024-04-02 21:07:40,AuthAPI,/api/auth,GET,504,125,1877,4306,SRV027,PRODUCTION,E108,Y,
API000004774,2024-04-02 01:10:36,NotificationAPI,/api/notifications,GET,502,20,3511,1253,SRV036,UAT,E107,N,
API000004811,2026-06-21 00:23:08,FraudAPI,/api/fraud,POST,504,340,160,4417,SRV036,PRODUCTION,E101,Y,
API000004813,2023-12-18 05:09:41,NotificationAPI,/api/notifications,POST,502,109,4780,2390,SRV004,PRODUCTION,E110,N,TXN0000004729
API000004823,2024-07-04 15:51:20,CustomerAPI,/api/customers,GET,502,1337,3630,3713,SRV005,UAT,E106,N,TXN0000023561
API000004828,2026-04-02 17:40:51,AuthAPI,/api/auth,POST,500,142,3065,9066,SRV012,PRODUCTION,E103,N,TXN0000003478
API000004836,2026-06-12 20:03:49,LoanAPI,/api/loans,GET,502,305,972,8942,SRV005,UAT,E103,N,TXN0000008642
API000004838,2023-03-07 05:26:40,AuthAPI,/api/auth,GET,503,795,3149,1934,SRV013,PRODUCTION,E106,N,TXN0000002686
API000004848,2025-08-01 07:40:12,FraudAPI,/api/fraud,PUT,504,769,3345,2399,SRV027,PRODUCTION,E101,Y,TXN0000020758
API000004849,2025-03-30 07:08:06,PaymentAPI,/api/payments,POST,500,198,3228,8659,SRV010,PRODUCTION,E104,N,TXN0000011708
API000004851,2024-10-10 19:56:22,FraudAPI,/api/fraud,GET,500,82,3707,617,SRV007,PRODUCTION,E101,N,TXN0000011420
API000004864,2024-03-04 02:53:56,LoanAPI,/api/loans,GET,500,398,969,2340,SRV029,SIT,E110,N,
API000004873,2023-06-26 14:41:34,AuthAPI,/api/auth,GET,504,653,2006,2336,SRV023,PRODUCTION,E109,Y,
API000004890,2026-01-01 20:43:49,FraudAPI,/api/fraud,PUT,504,203,385,3945,SRV021,SIT,E106,Y,
API000004899,2023-03-01 01:57:34,CustomerAPI,/api/customers,PUT,502,61,1838,7375,SRV002,PRODUCTION,E102,N,
API000004903,2026-04-22 21:42:46,PaymentAPI,/api/payments,GET,504,113,1298,3810,SRV012,PRODUCTION,E105,Y,TXN0000005687
API000004947,2023-06-12 13:55:52,AccountAPI,/api/accounts,POST,504,185,4708,932,SRV030,SIT,E111,Y,TXN0000009067
API000004959,2024-12-27 22:10:51,LoanAPI,/api/loans,POST,504,67,1499,4482,SRV005,PRODUCTION,E101,Y,TXN0000011632
API000004960,2023-08-24 00:49:41,AuthAPI,/api/auth,GET,500,407,1106,9559,SRV002,PRODUCTION,E100,N,TXN0000011213
API000004977,2025-06-06 00:56:52,StatementAPI,/api/statements,GET,504,121,2538,6030,SRV028,PRODUCTION,E108,Y,TXN0000001018
API000004979,2025-11-29 19:36:20,AccountAPI,/api/accounts,GET,502,386,1326,2385,SRV027,PRODUCTION,E105,N,TXN0000014205
API000004981,2023-05-05 19:08:50,FraudAPI,/api/fraud,GET,500,208,3974,1770,SRV018,PRODUCTION,E105,N,TXN0000019395
API000004994,2023-03-30 00:18:12,TransactionAPI,/api/transactions,POST,500,66,4310,6698,SRV036,PRODUCTION,E111,N,TXN0000006582
API000004996,2023-11-10 18:26:23,LoanAPI,/api/loans,PUT,503,709,4075,5250,SRV040,PRODUCTION,E102,N,TXN0000017926
API000004999,2025-04-01 07:56:06,AuthAPI,/api/auth,PUT,504,341,3320,8478,SRV033,PRODUCTION,E108,Y,TXN0000023999
API000005005,2023-03-04 20:53:53,AuthAPI,/api/auth,PUT,500,122,2564,4494,SRV040,PRODUCTION,E103,N,TXN0000022536
API000005017,2026-04-06 15:53:06,AccountAPI,/api/accounts,DELETE,500,471,4716,604,SRV008,PRODUCTION,E103,N,TXN0000003077
API000005026,2024-06-20 09:46:15,AuthAPI,/api/auth,GET,502,193,1638,608,SRV036,PRODUCTION,E108,N,TXN0000008782
API000005030,2023-07-13 09:23:29,FraudAPI,/api/fraud,POST,504,433,1887,4444,SRV021,PRODUCTION,E101,Y,TXN0000023500
API000005034,2024-03-22 14:02:23,AuthAPI,/api/auth,POST,502,446,3119,1415,SRV035,UAT,E107,N,TXN0000017566
API000005039,2025-04-25 18:27:11,NotificationAPI,/api/notifications,GET,502,175,355,491,SRV027,PRODUCTION,E104,N,TXN0000003105
API000005040,2023-08-17 08:55:08,StatementAPI,/api/statements,POST,504,338,168,7094,SRV022,UAT,E102,Y,
API000005056,2023-02-25 03:47:07,AccountAPI,/api/accounts,POST,500,219,4625,3857,SRV002,PRODUCTION,E106,N,TXN0000007803
API000005065,2023-01-23 06:50:44,KYCAPI,/api/kyc,GET,503,68,1444,9990,SRV028,PRODUCTION,E105,N,TXN0000010909
API000005067,2025-04-26 11:52:43,KYCAPI,/api/kyc,POST,503,514,976,8523,SRV035,PRODUCTION,E107,N,TXN0000005988
API000005068,2023-01-24 19:20:32,StatementAPI,/api/statements,POST,500,298,1064,2913,SRV016,PRODUCTION,E101,N,
API000005078,2023-11-21 20:29:02,KYCAPI,/api/kyc,GET,504,138,3395,5560,SRV006,PRODUCTION,E105,Y,
API000005085,2026-06-26 11:21:18,PaymentAPI,/api/payments,PUT,502,1179,1823,3703,SRV015,PRODUCTION,E101,N,
API000005101,2024-12-22 17:08:58,NotificationAPI,/api/notifications,POST,502,622,1357,4516,SRV023,UAT,E109,N,TXN0000010999
API000005122,2023-01-30 13:19:31,AuthAPI,/api/auth,POST,500,140,4397,6169,SRV029,PRODUCTION,E100,N,
API000005135,2025-12-16 20:02:07,PaymentAPI,/api/payments,GET,502,111,4418,9052,SRV023,PRODUCTION,E102,N,
API000005138,2025-06-12 00:04:15,KYCAPI,/api/kyc,PUT,503,121,800,8886,SRV010,PRODUCTION,E107,N,
API000005151,2026-04-10 21:34:27,KYCAPI,/api/kyc,POST,503,115,1984,9060,SRV017,UAT,E104,N,
API000005156,2026-06-01 09:10:34,StatementAPI,/api/statements,POST,504,361,3766,9875,SRV031,PRODUCTION,E111,Y,
API000005174,2026-06-04 12:14:34,StatementAPI,/api/statements,GET,502,186,2862,2363,SRV038,PRODUCTION,E109,N,TXN0000019448
API000005183,2026-02-20 10:15:21,LoanAPI,/api/loans,POST,503,78,4509,3961,SRV006,SIT,E106,N,
API000005197,2025-10-31 08:43:31,AccountAPI,/api/accounts,DELETE,503,80,3073,7366,SRV003,SIT,E111,N,TXN0000015910
API000005205,2026-07-09 17:44:56,PaymentAPI,/api/payments,GET,504,149,3324,7312,SRV006,PRODUCTION,E107,Y,TXN0000014337
API000005207,2023-09-16 08:44:08,FraudAPI,/api/fraud,GET,500,203,1253,6808,SRV038,PRODUCTION,E102,N,
API000005231,2026-07-07 21:48:22,NotificationAPI,/api/notifications,POST,503,145,1686,8347,SRV032,UAT,E105,N,
API000005238,2024-07-24 01:37:37,FraudAPI,/api/fraud,DELETE,504,111,4751,8177,SRV034,SIT,E111,Y,TXN0000019783
API000005239,2023-03-17 12:22:35,StatementAPI,/api/statements,POST,500,126,713,9932,SRV039,PRODUCTION,E111,N,TXN0000005521
API000005246,2025-08-28 14:42:42,CustomerAPI,/api/customers,POST,503,475,414,4440,SRV019,PRODUCTION,E109,N,TXN0000015184
API000005254,2023-11-01 15:07:32,FraudAPI,/api/fraud,POST,503,51,1992,8110,SRV013,PRODUCTION,E111,N,TXN0000015050
API000005278,2025-09-07 18:51:24,PaymentAPI,/api/payments,PUT,503,218,3429,6850,SRV036,PRODUCTION,E102,N,
API000005281,2023-01-21 21:22:48,AuthAPI,/api/auth,POST,504,133,4958,1321,SRV027,PRODUCTION,E108,Y,TXN0000019244
API000005287,2024-04-26 00:42:21,StatementAPI,/api/statements,GET,504,53,3891,4197,SRV009,PRODUCTION,E111,Y,
API000005294,2023-11-28 02:32:56,NotificationAPI,/api/notifications,GET,504,55,1866,9934,SRV022,PRODUCTION,E109,Y,TXN0000008085
API000005299,2024-12-27 15:50:11,StatementAPI,/api/statements,GET,503,124,343,9824,SRV003,PRODUCTION,E100,N,TXN0000020699
API000005302,2026-04-06 06:40:26,LoanAPI,/api/loans,POST,503,132,226,1777,SRV019,SIT,E110,N,TXN0000021177
API000005311,2023-05-14 00:02:36,StatementAPI,/api/statements,PUT,504,256,405,2697,SRV040,PRODUCTION,E101,Y,
API000005324,2025-12-15 02:46:38,PaymentAPI,/api/payments,POST,502,210,4811,8547,SRV032,PRODUCTION,E111,N,
API000005350,2025-11-25 18:55:33,CustomerAPI,/api/customers,GET,500,381,2752,7053,SRV035,PRODUCTION,E101,N,TXN0000005370
API000005362,2025-03-18 11:08:53,StatementAPI,/api/statements,GET,504,42,1954,9970,SRV011,UAT,E110,Y,
API000005368,2024-04-30 14:50:43,NotificationAPI,/api/notifications,GET,504,332,848,2130,SRV026,PRODUCTION,E101,Y,
API000005372,2024-07-03 20:43:13,AccountAPI,/api/accounts,POST,504,197,3681,9253,SRV023,PRODUCTION,E100,Y,TXN0000012214
API000005394,2024-07-12 03:18:05,CustomerAPI,/api/customers,GET,503,79,587,1303,SRV007,PRODUCTION,E108,N,TXN0000006443
API000005397,2024-01-16 15:46:30,FraudAPI,/api/fraud,GET,500,138,4612,9444,SRV001,PRODUCTION,E102,N,TXN0000007223
API000005404,2024-01-04 17:34:35,PaymentAPI,/api/payments,POST,503,89,3833,5499,SRV020,PRODUCTION,E108,N,
API000005408,2025-01-20 21:15:39,LoanAPI,/api/loans,GET,500,121,1169,2491,SRV013,PRODUCTION,E103,N,
API000005415,2025-12-27 20:49:53,PaymentAPI,/api/payments,POST,504,632,595,222,SRV001,UAT,E105,Y,TXN0000021529
API000005420,2023-07-10 16:56:44,AuthAPI,/api/auth,POST,502,393,3990,4665,SRV002,PRODUCTION,E107,N,TXN0000023924
API000005434,2025-05-30 06:02:16,NotificationAPI,/api/notifications,GET,504,36,2876,1792,SRV012,PRODUCTION,E107,Y,TXN0000023574
API000005443,2025-01-22 10:08:33,StatementAPI,/api/statements,PUT,503,260,3234,7474,SRV037,PRODUCTION,E109,N,TXN0000009107
API000005450,2026-03-02 00:04:02,PaymentAPI,/api/payments,GET,502,127,4528,6617,SRV039,PRODUCTION,E103,N,TXN0000000265
API000005454,2025-06-11 13:52:20,PaymentAPI,/api/payments,GET,502,86,169,9129,SRV032,PRODUCTION,E106,N,TXN0000006073
API000005464,2025-02-07 16:35:06,AuthAPI,/api/auth,GET,502,243,4839,8014,SRV032,PRODUCTION,E103,N,
API000005473,2024-10-31 15:57:55,StatementAPI,/api/statements,POST,500,177,2659,3077,SRV011,PRODUCTION,E110,N,
API000005476,2024-10-26 22:21:51,AuthAPI,/api/auth,GET,503,480,1499,826,SRV005,PRODUCTION,E105,N,TXN0000015047
API000005477,2026-02-09 08:40:04,LoanAPI,/api/loans,GET,500,426,1622,8704,SRV027,PRODUCTION,E105,N,TXN0000016291
API000005487,2026-01-14 12:50:08,CustomerAPI,/api/customers,GET,502,152,2014,4124,SRV033,PRODUCTION,E105,N,TXN0000015788
API000005490,2025-04-30 05:55:40,AccountAPI,/api/accounts,POST,502,117,3364,2485,SRV027,PRODUCTION,E106,N,TXN0000011614
API000005495,2025-08-21 08:43:23,NotificationAPI,/api/notifications,GET,500,163,457,9994,SRV025,PRODUCTION,E108,N,
API000005506,2023-03-04 15:44:58,CustomerAPI,/api/customers,POST,500,255,4095,7671,SRV032,PRODUCTION,E105,N,
API000005520,2025-09-14 16:48:28,CustomerAPI,/api/customers,GET,504,171,1012,216,SRV008,PRODUCTION,E103,Y,TXN0000022388
API000005537,2023-03-30 01:36:06,NotificationAPI,/api/notifications,DELETE,502,170,614,3481,SRV008,PRODUCTION,E103,N,TXN0000005331
API000005543,2026-03-10 16:21:37,AuthAPI,/api/auth,GET,502,91,2794,4142,SRV014,UAT,E108,N,
API000005544,2025-01-04 15:14:12,PaymentAPI,/api/payments,GET,500,214,994,9106,SRV010,PRODUCTION,E107,N,
API000005545,2024-06-11 03:33:26,CustomerAPI,/api/customers,GET,503,100,1717,1365,SRV016,PRODUCTION,E111,N,
API000005551,2023-05-02 22:17:04,CustomerAPI,/api/customers,GET,504,270,3609,9675,SRV028,PRODUCTION,E105,Y,
API000005552,2025-01-26 21:01:24,AccountAPI,/api/accounts,GET,500,279,2641,5521,SRV029,PRODUCTION,E107,N,TXN0000010190
API000005558,2026-03-03 09:15:46,PaymentAPI,/api/payments,GET,504,83,4252,603,SRV030,PRODUCTION,E109,Y,TXN0000016876
API000005561,2023-06-15 11:49:54,TransactionAPI,/api/transactions,GET,502,92,1268,3301,SRV005,SIT,E105,N,TXN0000023495
API000005570,2024-01-30 01:20:54,LoanAPI,/api/loans,POST,503,159,2240,3271,SRV009,PRODUCTION,E100,N,TXN0000014694
API000005586,2023-04-25 15:23:57,FraudAPI,/api/fraud,GET,503,129,1576,2908,SRV009,PRODUCTION,E105,N,
API000005594,2025-12-08 09:52:51,LoanAPI,/api/loans,POST,500,451,750,3416,SRV026,PRODUCTION,E103,N,TXN0000009254
API000005598,2023-10-09 06:38:35,StatementAPI,/api/statements,GET,500,143,3092,4145,SRV031,UAT,E106,N,TXN0000006891
API000005614,2023-03-20 05:36:19,KYCAPI,/api/kyc,GET,503,352,4039,6818,SRV032,PRODUCTION,E105,N,TXN0000007489
API000005617,2023-12-31 14:20:09,KYCAPI,/api/kyc,GET,500,113,3929,2282,SRV002,UAT,E110,N,TXN0000010010
API000005634,2025-12-12 23:52:30,CustomerAPI,/api/customers,POST,502,56,702,1015,SRV034,PRODUCTION,E104,N,TXN0000001988
API000005642,2025-04-17 00:30:41,AccountAPI,/api/accounts,PUT,500,889,4061,9619,SRV022,UAT,E108,N,TXN0000000544
API000005649,2024-02-05 03:59:22,PaymentAPI,/api/payments,GET,500,560,837,5703,SRV007,PRODUCTION,E100,N,
API000005671,2025-11-19 03:56:07,TransactionAPI,/api/transactions,POST,504,507,707,5036,SRV028,PRODUCTION,E108,Y,
API000005681,2026-02-17 11:18:49,StatementAPI,/api/statements,GET,503,449,661,990,SRV005,PRODUCTION,E100,N,TXN0000008771
API000005693,2023-01-18 16:31:17,AccountAPI,/api/accounts,POST,503,496,4110,1804,SRV038,PRODUCTION,E105,N,TXN0000006453
API000005705,2023-01-14 21:32:40,AccountAPI,/api/accounts,GET,503,234,1108,6481,SRV007,SIT,E102,N,
API000005716,2023-03-20 18:51:38,NotificationAPI,/api/notifications,POST,504,534,3455,9883,SRV029,PRODUCTION,E107,Y,TXN0000009638
API000005750,2024-09-02 22:07:15,CustomerAPI,/api/customers,POST,502,196,1611,1573,SRV027,PRODUCTION,E107,N,
API000005758,2023-07-09 01:39:33,NotificationAPI,/api/notifications,POST,500,347,1189,3242,SRV035,SIT,E106,N,TXN0000006037
API000005763,2025-11-01 09:52:38,PaymentAPI,/api/payments,GET,500,33,3004,727,SRV005,PRODUCTION,E109,N,
API000005766,2024-03-27 19:01:06,NotificationAPI,/api/notifications,GET,502,166,1689,2893,SRV031,PRODUCTION,E111,N,
API000005767,2025-07-11 02:17:27,CustomerAPI,/api/customers,PUT,503,219,4672,778,SRV028,PRODUCTION,E106,N,
API000005771,2023-09-30 16:50:33,AuthAPI,/api/auth,GET,502,419,3939,5207,SRV035,UAT,E105,N,TXN0000022039
API000005776,2024-08-20 00:04:07,AuthAPI,/api/auth,GET,504,106,1174,384,SRV017,UAT,E106,Y,
API000005778,2024-05-17 17:35:18,AuthAPI,/api/auth,POST,500,272,4588,648,SRV020,SIT,E106,N,
API000005782,2026-04-18 01:53:56,TransactionAPI,/api/transactions,POST,500,59,2098,6182,SRV023,UAT,E102,N,TXN0000001301
API000005783,2023-11-05 23:59:26,CustomerAPI,/api/customers,GET,504,683,3298,2253,SRV015,PRODUCTION,E102,Y,TXN0000018962
API000005785,2025-03-16 04:30:24,NotificationAPI,/api/notifications,POST,504,683,3269,2408,SRV030,PRODUCTION,E104,Y,
API000005789,2024-04-01 19:58:47,KYCAPI,/api/kyc,POST,502,157,1683,7023,SRV032,PRODUCTION,E105,N,
API000005799,2024-01-22 13:00:46,FraudAPI,/api/fraud,GET,502,48,1509,2498,SRV009,PRODUCTION,E108,N,
API000005814,2023-10-06 16:33:04,CustomerAPI,/api/customers,POST,500,172,1612,6391,SRV024,PRODUCTION,E111,N,
API000005817,2026-05-22 22:14:01,AuthAPI,/api/auth,GET,500,118,2121,1137,SRV039,PRODUCTION,E109,N,TXN0000007990
API000005820,2025-04-11 22:58:58,NotificationAPI,/api/notifications,GET,504,145,139,1457,SRV021,PRODUCTION,E104,Y,TXN0000014662
API000005831,2025-10-04 13:52:08,AuthAPI,/api/auth,GET,500,377,4076,7079,SRV040,PRODUCTION,E111,N,TXN0000023357
API000005838,2023-08-25 22:39:56,LoanAPI,/api/loans,GET,504,67,4102,8580,SRV025,PRODUCTION,E101,Y,TXN0000014908
API000005840,2023-03-02 23:42:27,PaymentAPI,/api/payments,DELETE,504,204,290,2554,SRV016,SIT,E106,Y,TXN0000010963
API000005846,2026-04-01 08:54:52,FraudAPI,/api/fraud,POST,502,353,4792,8108,SRV002,PRODUCTION,E106,N,
API000005856,2025-11-15 11:42:33,LoanAPI,/api/loans,GET,503,247,4823,4103,SRV034,SIT,E100,N,TXN0000000112
API000005864,2026-06-25 18:53:24,NotificationAPI,/api/notifications,DELETE,502,332,2630,3017,SRV036,PRODUCTION,E110,N,
API000005867,2024-03-06 16:11:52,StatementAPI,/api/statements,PUT,503,42,2442,4670,SRV007,PRODUCTION,E109,N,TXN0000002697
API000005889,2025-06-24 10:05:06,PaymentAPI,/api/payments,POST,503,486,387,6680,SRV002,PRODUCTION,E110,N,TXN0000001925
API000005894,2024-01-16 02:48:37,AuthAPI,/api/auth,GET,503,83,4928,1582,SRV036,PRODUCTION,E111,N,TXN0000014434
API000005901,2025-12-06 16:18:20,CustomerAPI,/api/customers,POST,504,209,262,3496,SRV028,PRODUCTION,E101,Y,
API000005908,2024-04-30 09:40:00,LoanAPI,/api/loans,GET,500,138,3569,5908,SRV033,PRODUCTION,E106,N,TXN0000012572
API000005920,2025-05-11 15:59:25,CustomerAPI,/api/customers,GET,504,79,333,5618,SRV007,UAT,E110,Y,TXN0000019530
API000005946,2023-12-25 19:37:37,AuthAPI,/api/auth,POST,502,180,4790,1506,SRV003,PRODUCTION,E106,N,TXN0000005217
API000005948,2023-01-03 07:55:59,NotificationAPI,/api/notifications,PUT,503,63,2925,1046,SRV038,PRODUCTION,E103,N,
API000005967,2023-08-20 04:19:51,AccountAPI,/api/accounts,PUT,500,120,3256,9176,SRV034,PRODUCTION,E100,N,
API000006045,2024-07-23 01:42:56,KYCAPI,/api/kyc,GET,500,192,2169,4672,SRV023,PRODUCTION,E100,N,TXN0000023384
API000006055,2024-09-10 23:52:44,AccountAPI,/api/accounts,POST,500,76,2320,6801,SRV030,PRODUCTION,E104,N,
API000006059,2025-07-17 12:22:48,KYCAPI,/api/kyc,POST,500,603,1348,4576,SRV004,PRODUCTION,E107,N,TXN0000016883
API000006060,2025-07-07 10:52:35,TransactionAPI,/api/transactions,POST,504,151,4724,9830,SRV038,PRODUCTION,E111,Y,TXN0000013675
API000006073,2026-05-01 16:09:06,CustomerAPI,/api/customers,PUT,502,45,1626,3801,SRV021,SIT,E100,N,
API000006076,2025-02-19 01:17:27,AuthAPI,/api/auth,POST,504,140,4354,2184,SRV001,PRODUCTION,E107,Y,
API000006078,2024-04-06 12:22:59,FraudAPI,/api/fraud,POST,504,193,4495,9109,SRV021,PRODUCTION,E101,Y,
API000006096,2026-02-06 06:35:32,KYCAPI,/api/kyc,GET,503,285,3853,9694,SRV033,PRODUCTION,E110,N,
API000006101,2026-06-18 02:03:13,PaymentAPI,/api/payments,POST,504,74,1658,8234,SRV017,PRODUCTION,E104,Y,TXN0000023239
API000006112,2025-12-03 18:35:54,AuthAPI,/api/auth,POST,503,721,1589,9961,SRV019,PRODUCTION,E106,N,TXN0000019925
API000006118,2023-07-09 22:44:14,FraudAPI,/api/fraud,POST,500,78,4959,4429,SRV006,PRODUCTION,E107,N,TXN0000010689
API000006135,2025-09-16 02:43:21,PaymentAPI,/api/payments,GET,503,157,2791,1915,SRV029,PRODUCTION,E106,N,TXN0000022880
API000006137,2025-07-20 08:37:43,CustomerAPI,/api/customers,PUT,504,117,1237,8068,SRV028,PRODUCTION,E108,Y,TXN0000013524
API000006182,2025-01-11 12:01:28,LoanAPI,/api/loans,POST,502,146,201,439,SRV001,SIT,E100,N,TXN0000023827
API000006184,2026-02-28 15:03:18,StatementAPI,/api/statements,GET,502,98,108,5820,SRV027,PRODUCTION,E105,N,TXN0000007852
API000006192,2025-08-03 03:15:25,StatementAPI,/api/statements,GET,500,184,1893,4941,SRV018,PRODUCTION,E110,N,TXN0000009078
API000006197,2023-02-13 07:20:52,CustomerAPI,/api/customers,POST,504,218,2936,3467,SRV012,PRODUCTION,E105,Y,TXN0000024762
API000006211,2025-07-22 12:16:27,PaymentAPI,/api/payments,GET,500,143,1501,4236,SRV018,PRODUCTION,E110,N,TXN0000007264
API000006246,2026-04-11 13:00:54,CustomerAPI,/api/customers,GET,500,60,3436,8614,SRV020,UAT,E110,N,TXN0000004084
API000006251,2024-01-09 10:49:26,PaymentAPI,/api/payments,POST,504,348,1940,6264,SRV020,PRODUCTION,E101,Y,
API000006271,2025-05-17 10:13:35,NotificationAPI,/api/notifications,POST,500,124,1568,6337,SRV036,SIT,E110,N,TXN0000014447
API000006280,2025-03-03 16:38:43,LoanAPI,/api/loans,PUT,503,206,1397,3099,SRV010,PRODUCTION,E111,N,TXN0000017118
API000006287,2025-01-26 18:44:35,AccountAPI,/api/accounts,POST,500,184,1506,2166,SRV034,PRODUCTION,E107,N,TXN0000008104
API000006300,2024-03-24 10:27:16,FraudAPI,/api/fraud,DELETE,500,319,2787,1720,SRV011,PRODUCTION,E110,N,TXN0000009091
API000006301,2026-07-10 04:30:02,CustomerAPI,/api/customers,PUT,500,341,1787,6411,SRV012,PRODUCTION,E107,N,TXN0000001736
API000006304,2025-04-11 19:07:04,AuthAPI,/api/auth,POST,502,248,4728,5306,SRV031,PRODUCTION,E106,N,TXN0000016781
API000006305,2026-04-09 20:43:46,KYCAPI,/api/kyc,POST,504,57,2394,3720,SRV033,PRODUCTION,E110,Y,TXN0000010521
API000006313,2023-08-31 06:06:29,AuthAPI,/api/auth,GET,500,475,291,9205,SRV034,PRODUCTION,E107,N,TXN0000022840
API000006322,2025-06-23 00:04:34,KYCAPI,/api/kyc,POST,500,56,2023,1041,SRV006,PRODUCTION,E110,N,TXN0000002486
API000006324,2025-03-30 14:09:34,CustomerAPI,/api/customers,POST,502,201,1002,2377,SRV009,PRODUCTION,E105,N,TXN0000023093
API000006332,2023-10-29 13:34:04,LoanAPI,/api/loans,GET,500,458,3275,1251,SRV024,PRODUCTION,E108,N,TXN0000002400
API000006336,2024-08-19 07:52:20,TransactionAPI,/api/transactions,POST,504,319,2616,5616,SRV004,PRODUCTION,E108,Y,TXN0000022977
API000006338,2023-09-14 14:57:53,NotificationAPI,/api/notifications,PUT,504,118,168,6385,SRV015,PRODUCTION,E110,Y,
API000006341,2024-08-30 19:45:42,AuthAPI,/api/auth,GET,500,104,3265,3984,SRV013,UAT,E108,N,TXN0000004570
API000006346,2024-05-04 18:44:52,TransactionAPI,/api/transactions,GET,500,182,4113,7317,SRV020,PRODUCTION,E111,N,TXN0000010190
API000006363,2023-04-23 02:57:48,LoanAPI,/api/loans,GET,500,241,2302,9019,SRV017,PRODUCTION,E103,N,
API000006368,2025-07-29 22:05:16,PaymentAPI,/api/payments,PUT,500,774,754,7940,SRV020,PRODUCTION,E103,N,
API000006375,2024-03-17 12:18:51,CustomerAPI,/api/customers,GET,500,404,1464,1838,SRV007,PRODUCTION,E100,N,
API000006389,2024-07-23 03:27:07,CustomerAPI,/api/customers,POST,500,92,2666,5240,SRV020,SIT,E107,N,
API000006406,2024-07-28 06:03:23,NotificationAPI,/api/notifications,PUT,503,169,1202,2445,SRV020,PRODUCTION,E101,N,
API000006422,2023-05-30 00:44:54,StatementAPI,/api/statements,DELETE,500,206,4720,5363,SRV011,PRODUCTION,E102,N,TXN0000015991
API000006441,2024-07-26 11:12:05,FraudAPI,/api/fraud,POST,500,48,3936,9110,SRV008,PRODUCTION,E107,N,TXN0000009730
API000006456,2024-07-18 04:03:06,LoanAPI,/api/loans,POST,503,29,4312,8231,SRV005,SIT,E103,N,TXN0000022649
API000006463,2023-03-31 10:02:45,KYCAPI,/api/kyc,GET,500,370,2006,497,SRV022,PRODUCTION,E105,N,TXN0000024076
API000006469,2023-11-21 05:23:57,PaymentAPI,/api/payments,GET,503,1521,2346,9206,SRV038,PRODUCTION,E111,N,TXN0000024514
API000006484,2024-07-14 05:06:04,TransactionAPI,/api/transactions,GET,503,132,3185,6537,SRV032,PRODUCTION,E105,N,
API000006487,2023-09-11 02:43:47,PaymentAPI,/api/payments,GET,500,175,3227,6872,SRV037,PRODUCTION,E103,N,TXN0000024652
API000006488,2024-03-21 20:08:24,TransactionAPI,/api/transactions,POST,504,139,4166,1242,SRV023,PRODUCTION,E106,Y,TXN0000014637
API000006493,2025-02-12 16:46:04,AccountAPI,/api/accounts,GET,504,338,124,8685,SRV005,PRODUCTION,E107,Y,
API000006499,2026-03-21 17:37:21,LoanAPI,/api/loans,POST,502,125,4905,5472,SRV038,PRODUCTION,E103,N,TXN0000021167
API000006500,2025-04-27 01:34:30,AccountAPI,/api/accounts,GET,500,316,324,7746,SRV001,PRODUCTION,E107,N,TXN0000005901
API000006505,2024-03-17 22:40:25,CustomerAPI,/api/customers,POST,503,49,1419,1862,SRV016,PRODUCTION,E106,N,
API000006514,2026-03-30 20:21:38,PaymentAPI,/api/payments,GET,500,123,4192,1285,SRV020,UAT,E103,N,
API000006520,2026-05-25 13:43:15,AccountAPI,/api/accounts,GET,503,183,1105,3972,SRV030,PRODUCTION,E109,N,TXN0000016705
API000006524,2023-11-27 02:48:18,FraudAPI,/api/fraud,POST,500,316,2362,608,SRV003,SIT,E111,N,TXN0000017128
API000006525,2024-05-12 14:59:05,KYCAPI,/api/kyc,GET,500,214,2295,1406,SRV007,PRODUCTION,E102,N,TXN0000013347
API000006533,2023-06-07 03:19:12,FraudAPI,/api/fraud,GET,504,701,1009,3707,SRV030,UAT,E103,Y,TXN0000014972
API000006538,2026-04-04 19:51:20,AuthAPI,/api/auth,GET,504,221,3874,1145,SRV020,PRODUCTION,E107,Y,TXN0000018690
API000006553,2025-12-15 20:00:09,AuthAPI,/api/auth,POST,502,343,4193,5626,SRV029,PRODUCTION,E103,N,
API000006562,2026-01-10 05:23:42,FraudAPI,/api/fraud,DELETE,500,206,305,6297,SRV026,PRODUCTION,E102,N,TXN0000020672
API000006572,2024-04-11 01:00:20,AccountAPI,/api/accounts,GET,500,312,1748,6495,SRV007,PRODUCTION,E107,N,TXN0000015310
API000006582,2026-04-16 21:39:45,StatementAPI,/api/statements,POST,500,164,309,501,SRV036,SIT,E105,N,TXN0000022451
API000006586,2023-10-29 15:38:36,LoanAPI,/api/loans,GET,504,319,1152,6263,SRV015,PRODUCTION,E109,Y,TXN0000000613
API000006587,2025-03-04 01:57:14,FraudAPI,/api/fraud,GET,504,1156,4687,729,SRV017,PRODUCTION,E111,Y,TXN0000024994
API000006597,2025-09-30 02:14:15,NotificationAPI,/api/notifications,POST,503,244,239,3971,SRV005,PRODUCTION,E100,N,TXN0000001402
API000006600,2024-10-09 01:51:50,NotificationAPI,/api/notifications,GET,500,195,3842,9606,SRV021,PRODUCTION,E111,N,TXN0000022125
API000006602,2025-01-05 07:43:54,PaymentAPI,/api/payments,POST,500,142,2306,1128,SRV034,PRODUCTION,E102,N,
API000006622,2025-05-14 05:46:30,AccountAPI,/api/accounts,PUT,503,148,2581,6376,SRV001,SIT,E106,N,
API000006634,2024-06-04 12:07:16,PaymentAPI,/api/payments,POST,502,85,3571,4735,SRV002,PRODUCTION,E106,N,
API000006655,2023-07-14 07:21:38,FraudAPI,/api/fraud,GET,504,162,1710,1949,SRV031,PRODUCTION,E102,Y,TXN0000008475
API000006663,2025-09-02 08:22:20,LoanAPI,/api/loans,POST,504,100,3285,570,SRV023,PRODUCTION,E109,Y,
API000006665,2023-01-26 06:42:08,KYCAPI,/api/kyc,POST,503,129,3828,7098,SRV040,PRODUCTION,E108,N,TXN0000007997
API000006677,2025-02-17 06:08:01,PaymentAPI,/api/payments,POST,504,95,4613,9062,SRV040,SIT,E106,Y,TXN0000011885
API000006689,2025-08-28 17:33:07,NotificationAPI,/api/notifications,GET,504,214,689,8731,SRV025,PRODUCTION,E109,Y,TXN0000023817
API000006693,2024-10-27 14:19:11,TransactionAPI,/api/transactions,POST,500,284,2852,2748,SRV025,PRODUCTION,E100,N,TXN0000007306
API000006702,2026-06-27 01:31:41,AccountAPI,/api/accounts,GET,500,54,1258,6892,SRV021,PRODUCTION,E102,N,
API000006721,2023-09-23 20:20:33,FraudAPI,/api/fraud,POST,503,49,4107,8505,SRV023,PRODUCTION,E102,N,
API000006722,2024-01-07 07:06:23,StatementAPI,/api/statements,GET,503,99,1336,1044,SRV036,PRODUCTION,E104,N,TXN0000011856
API000006725,2024-07-01 18:34:28,KYCAPI,/api/kyc,POST,502,128,531,1960,SRV033,UAT,E110,N,
API000006728,2026-04-17 18:53:18,TransactionAPI,/api/transactions,GET,500,75,643,8808,SRV032,PRODUCTION,E100,N,TXN0000000954
API000006756,2023-09-25 15:51:49,PaymentAPI,/api/payments,POST,504,121,4965,4568,SRV016,UAT,E109,Y,TXN0000021988
API000006757,2026-05-13 17:37:11,AuthAPI,/api/auth,POST,504,159,4999,3609,SRV038,PRODUCTION,E101,Y,TXN0000023184
API000006764,2025-03-22 03:29:03,LoanAPI,/api/loans,GET,503,77,521,1576,SRV023,UAT,E103,N,TXN0000019250
API000006786,2025-11-06 10:19:46,TransactionAPI,/api/transactions,POST,502,168,4102,7754,SRV006,PRODUCTION,E103,N,TXN0000017524
API000006798,2024-10-17 19:51:40,TransactionAPI,/api/transactions,GET,500,474,1007,5991,SRV011,PRODUCTION,E104,N,TXN0000018880
API000006816,2024-10-04 19:39:08,KYCAPI,/api/kyc,POST,500,236,4160,7360,SRV038,PRODUCTION,E109,N,TXN0000021765
API000006821,2024-10-02 21:14:46,CustomerAPI,/api/customers,POST,504,237,1819,3069,SRV024,UAT,E106,Y,TXN0000007132
API000006834,2026-07-18 03:39:05,LoanAPI,/api/loans,GET,502,149,259,6121,SRV008,PRODUCTION,E101,N,
API000006843,2023-05-06 00:07:19,AuthAPI,/api/auth,DELETE,500,224,3133,2390,SRV039,PRODUCTION,E102,N,
API000006855,2024-01-19 02:18:25,KYCAPI,/api/kyc,GET,504,176,4177,7246,SRV014,PRODUCTION,E108,Y,TXN0000006657
API000006860,2023-01-20 00:23:34,TransactionAPI,/api/transactions,POST,500,234,4004,6709,SRV021,SIT,E103,N,TXN0000005132
API000006867,2023-12-28 02:27:10,LoanAPI,/api/loans,POST,504,192,1385,9462,SRV023,PRODUCTION,E107,Y,
API000006891,2023-11-04 15:37:07,PaymentAPI,/api/payments,POST,504,47,4493,8962,SRV036,PRODUCTION,E100,Y,TXN0000018211
API000006919,2026-02-15 16:29:27,TransactionAPI,/api/transactions,POST,503,466,129,6911,SRV009,SIT,E101,N,TXN0000017046
API000006926,2023-06-02 16:58:19,NotificationAPI,/api/notifications,PUT,500,330,1819,6526,SRV005,PRODUCTION,E106,N,
API000006941,2026-02-06 01:45:41,AccountAPI,/api/accounts,PUT,500,20,4461,1094,SRV037,PRODUCTION,E105,N,TXN0000012040
API000006946,2024-11-09 01:39:09,NotificationAPI,/api/notifications,POST,500,142,3231,7937,SRV039,PRODUCTION,E109,N,TXN0000014607
API000006963,2025-07-07 06:50:52,TransactionAPI,/api/transactions,POST,502,223,2230,2281,SRV023,PRODUCTION,E111,N,TXN0000000389
API000006974,2026-04-23 01:27:45,KYCAPI,/api/kyc,DELETE,502,230,3598,6492,SRV003,PRODUCTION,E101,N,TXN0000006974
API000006988,2025-08-30 21:26:54,LoanAPI,/api/loans,PUT,502,254,3946,2565,SRV015,PRODUCTION,E105,N,TXN0000012071
API000007010,2026-07-17 12:30:00,PaymentAPI,/api/payments,POST,500,204,3926,9164,SRV025,PRODUCTION,E103,N,TXN0000024798
API000007016,2023-09-14 04:10:19,NotificationAPI,/api/notifications,GET,500,214,1547,7039,SRV010,PRODUCTION,E100,N,TXN0000018007
API000007018,2024-10-15 21:05:51,AccountAPI,/api/accounts,POST,500,37,3933,9412,SRV025,PRODUCTION,E100,N,TXN0000010521
API000007041,2025-08-20 23:08:11,NotificationAPI,/api/notifications,POST,500,235,1595,2288,SRV009,PRODUCTION,E104,N,
API000007044,2025-10-17 14:26:52,CustomerAPI,/api/customers,GET,502,412,3695,9777,SRV036,PRODUCTION,E103,N,TXN0000020184
API000007059,2023-07-11 09:29:58,TransactionAPI,/api/transactions,POST,500,75,3367,1483,SRV021,UAT,E106,N,TXN0000001190
API000007060,2023-05-08 03:51:21,StatementAPI,/api/statements,GET,502,113,3944,5042,SRV032,PRODUCTION,E103,N,TXN0000003870
API000007069,2024-01-07 09:11:01,NotificationAPI,/api/notifications,PUT,504,23,3653,9244,SRV003,PRODUCTION,E105,Y,TXN0000004636
API000007073,2023-11-05 18:40:12,PaymentAPI,/api/payments,POST,504,30,633,6365,SRV004,PRODUCTION,E108,Y,
API000007078,2025-02-28 11:28:09,NotificationAPI,/api/notifications,GET,504,95,2901,2602,SRV009,PRODUCTION,E104,Y,TXN0000020944
API000007081,2025-12-26 18:42:36,TransactionAPI,/api/transactions,POST,504,174,4057,6072,SRV039,PRODUCTION,E110,Y,
API000007091,2026-07-15 19:17:21,KYCAPI,/api/kyc,GET,504,50,2493,6357,SRV020,PRODUCTION,E111,Y,TXN0000010049
API000007092,2025-11-15 21:09:17,KYCAPI,/api/kyc,PUT,504,295,1450,1955,SRV019,UAT,E105,Y,TXN0000020915
API000007096,2024-05-23 19:15:54,NotificationAPI,/api/notifications,GET,504,191,611,7795,SRV032,PRODUCTION,E106,Y,
API000007107,2023-11-30 14:14:56,KYCAPI,/api/kyc,GET,504,68,3138,7700,SRV018,PRODUCTION,E103,Y,
API000007113,2023-04-14 04:55:31,NotificationAPI,/api/notifications,GET,502,251,465,2178,SRV025,PRODUCTION,E100,N,TXN0000008119
API000007117,2023-07-10 20:01:27,FraudAPI,/api/fraud,GET,503,1038,568,2770,SRV012,PRODUCTION,E105,N,TXN0000010474
API000007128,2023-09-26 11:07:40,FraudAPI,/api/fraud,PUT,502,285,264,9497,SRV018,PRODUCTION,E109,N,TXN0000020750
API000007132,2023-12-08 03:13:51,FraudAPI,/api/fraud,DELETE,504,71,1707,6164,SRV027,PRODUCTION,E111,Y,TXN0000001696
API000007135,2023-08-05 19:30:37,AuthAPI,/api/auth,DELETE,502,279,2799,4524,SRV015,PRODUCTION,E108,N,
API000007139,2023-01-31 14:15:01,AccountAPI,/api/accounts,POST,500,127,187,8074,SRV028,PRODUCTION,E101,N,
API000007166,2024-07-17 03:42:18,NotificationAPI,/api/notifications,POST,500,133,2778,4820,SRV033,PRODUCTION,E100,N,TXN0000003616
API000007169,2023-02-08 23:42:20,NotificationAPI,/api/notifications,GET,500,83,1568,6712,SRV004,PRODUCTION,E109,N,TXN0000002262
API000007174,2025-06-23 14:19:14,LoanAPI,/api/loans,GET,502,103,3961,372,SRV027,UAT,E108,N,TXN0000016870
API000007175,2024-03-06 04:49:41,NotificationAPI,/api/notifications,POST,503,242,3647,5505,SRV016,PRODUCTION,E107,N,
API000007177,2025-03-04 10:30:47,StatementAPI,/api/statements,PUT,504,141,3482,8146,SRV010,PRODUCTION,E109,Y,TXN0000002271
API000007180,2024-07-23 06:11:48,AccountAPI,/api/accounts,POST,502,80,1499,2897,SRV035,PRODUCTION,E111,N,TXN0000016558
API000007190,2025-11-13 21:20:51,KYCAPI,/api/kyc,PUT,502,217,2302,2315,SRV014,PRODUCTION,E106,N,TXN0000019907
API000007205,2024-10-09 10:51:34,NotificationAPI,/api/notifications,POST,502,272,3445,8456,SRV020,PRODUCTION,E106,N,TXN0000023438
API000007210,2023-01-07 13:26:46,StatementAPI,/api/statements,GET,500,624,1376,6771,SRV012,PRODUCTION,E106,N,TXN0000000621
API000007215,2026-07-14 00:51:05,StatementAPI,/api/statements,PUT,504,130,2918,6162,SRV012,PRODUCTION,E110,Y,TXN0000018998
API000007222,2025-02-08 03:34:40,AuthAPI,/api/auth,PUT,502,72,4493,8196,SRV010,PRODUCTION,E102,N,
API000007226,2025-12-06 09:01:00,TransactionAPI,/api/transactions,PUT,500,150,3770,5747,SRV014,SIT,E100,N,
API000007241,2026-04-12 15:54:10,LoanAPI,/api/loans,POST,504,181,3127,7436,SRV023,PRODUCTION,E108,Y,
API000007244,2023-07-02 03:14:24,AuthAPI,/api/auth,GET,502,913,1024,3279,SRV034,PRODUCTION,E106,N,
API000007248,2023-03-20 09:02:20,TransactionAPI,/api/transactions,POST,500,105,3765,1722,SRV026,PRODUCTION,E105,N,
API000007264,2026-02-25 01:40:55,NotificationAPI,/api/notifications,POST,504,419,4940,6123,SRV012,PRODUCTION,E102,Y,
API000007267,2024-09-01 10:48:20,AuthAPI,/api/auth,GET,500,111,1656,6567,SRV002,PRODUCTION,E108,N,
API000007275,2026-07-28 06:26:16,PaymentAPI,/api/payments,PUT,504,103,1002,5561,SRV023,PRODUCTION,E111,Y,TXN0000010246
API000007319,2025-12-14 06:50:19,KYCAPI,/api/kyc,GET,503,33,4609,4926,SRV038,SIT,E106,N,TXN0000010800
API000007325,2023-06-11 20:19:05,CustomerAPI,/api/customers,PUT,500,143,692,9147,SRV009,PRODUCTION,E111,N,TXN0000011746
API000007342,2025-11-24 16:10:02,FraudAPI,/api/fraud,GET,504,92,2071,7925,SRV010,PRODUCTION,E107,Y,
API000007357,2023-03-29 22:13:40,StatementAPI,/api/statements,POST,500,209,4741,6555,SRV022,PRODUCTION,E100,N,
API000007363,2024-07-20 23:55:31,StatementAPI,/api/statements,DELETE,502,106,1188,4158,SRV013,PRODUCTION,E100,N,
API000007375,2025-12-25 22:51:37,AccountAPI,/api/accounts,POST,500,44,1484,5329,SRV017,PRODUCTION,E104,N,
API000007377,2024-10-02 20:13:33,AccountAPI,/api/accounts,POST,503,165,1604,6820,SRV032,UAT,E102,N,
API000007384,2024-06-24 10:10:39,KYCAPI,/api/kyc,GET,500,53,4169,4137,SRV014,PRODUCTION,E101,N,
API000007387,2024-08-26 10:16:23,FraudAPI,/api/fraud,POST,502,117,2023,8135,SRV003,SIT,E101,N,
API000007389,2024-03-08 07:15:37,KYCAPI,/api/kyc,POST,504,377,3342,1392,SRV004,PRODUCTION,E103,Y,TXN0000014050
API000007401,2024-11-23 22:33:16,NotificationAPI,/api/notifications,POST,504,95,2722,6038,SRV030,PRODUCTION,E105,Y,
API000007407,2025-01-05 21:25:06,StatementAPI,/api/statements,POST,504,101,2152,9592,SRV027,PRODUCTION,E101,Y,
API000007410,2026-01-20 10:11:41,PaymentAPI,/api/payments,GET,502,80,992,7720,SRV017,PRODUCTION,E106,N,TXN0000024631
API000007417,2025-07-26 10:57:41,AuthAPI,/api/auth,POST,504,96,4397,2146,SRV035,PRODUCTION,E109,Y,TXN0000018737
API000007426,2025-07-28 15:07:34,PaymentAPI,/api/payments,GET,500,245,240,4269,SRV026,PRODUCTION,E106,N,TXN0000020076
API000007429,2024-06-29 12:43:44,StatementAPI,/api/statements,PUT,500,78,2806,4768,SRV031,PRODUCTION,E106,N,TXN0000017538
API000007477,2023-07-29 03:42:04,TransactionAPI,/api/transactions,POST,502,63,3078,5100,SRV002,PRODUCTION,E109,N,
API000007495,2026-03-09 23:40:13,PaymentAPI,/api/payments,POST,500,158,3030,3589,SRV027,PRODUCTION,E110,N,TXN0000020346
API000007496,2024-11-10 11:58:44,CustomerAPI,/api/customers,GET,502,741,1900,3401,SRV023,PRODUCTION,E108,N,
API000007503,2026-07-04 05:11:01,TransactionAPI,/api/transactions,POST,500,48,3228,4466,SRV040,PRODUCTION,E108,N,TXN0000001662
API000007505,2025-06-19 07:55:03,AuthAPI,/api/auth,DELETE,503,583,4447,2044,SRV007,PRODUCTION,E101,N,TXN0000023292
API000007515,2024-09-21 05:45:32,KYCAPI,/api/kyc,GET,502,243,3697,4765,SRV022,PRODUCTION,E101,N,TXN0000013323
API000007529,2023-03-29 00:22:02,KYCAPI,/api/kyc,GET,500,98,277,4367,SRV035,PRODUCTION,E107,N,TXN0000005050
API000007538,2025-12-07 06:48:06,AuthAPI,/api/auth,GET,504,250,3245,5185,SRV001,SIT,E103,Y,TXN0000018356
API000007553,2023-10-01 15:51:04,TransactionAPI,/api/transactions,POST,500,70,4280,3585,SRV027,SIT,E103,N,TXN0000021828
API000007559,2024-07-08 00:32:34,NotificationAPI,/api/notifications,GET,503,541,4956,3915,SRV004,PRODUCTION,E101,N,TXN0000019896
API000007567,2025-03-03 08:17:01,KYCAPI,/api/kyc,GET,504,71,490,2052,SRV010,PRODUCTION,E100,Y,TXN0000003675
API000007571,2026-02-18 06:08:08,LoanAPI,/api/loans,GET,500,50,1506,2366,SRV020,UAT,E105,N,TXN0000001041
API000007581,2025-12-07 02:17:13,KYCAPI,/api/kyc,POST,500,897,1340,608,SRV005,PRODUCTION,E109,N,TXN0000016544
API000007585,2024-11-29 20:48:11,CustomerAPI,/api/customers,GET,503,87,326,4609,SRV025,SIT,E104,N,TXN0000000763
API000007587,2023-12-16 18:07:44,NotificationAPI,/api/notifications,POST,502,249,2019,7512,SRV014,SIT,E109,N,TXN0000013065
API000007609,2026-01-02 13:25:46,StatementAPI,/api/statements,POST,500,331,4373,7747,SRV011,PRODUCTION,E101,N,
API000007612,2023-07-12 00:59:19,AuthAPI,/api/auth,GET,504,178,646,7568,SRV005,PRODUCTION,E106,Y,TXN0000002360
API000007615,2023-08-19 00:55:31,KYCAPI,/api/kyc,GET,503,450,3746,7968,SRV003,PRODUCTION,E100,N,
API000007619,2024-06-07 23:00:23,KYCAPI,/api/kyc,GET,504,372,2042,4376,SRV017,PRODUCTION,E104,Y,
API000007646,2024-06-02 18:22:33,CustomerAPI,/api/customers,GET,504,251,3371,7072,SRV040,PRODUCTION,E105,Y,TXN0000006575
API000007652,2023-01-04 23:17:44,KYCAPI,/api/kyc,POST,500,615,2523,8977,SRV016,PRODUCTION,E109,N,
API000007658,2024-08-19 19:10:58,PaymentAPI,/api/payments,PUT,504,178,227,8481,SRV009,UAT,E106,Y,TXN0000021648
API000007664,2026-05-26 18:50:11,CustomerAPI,/api/customers,POST,503,378,1645,6720,SRV038,PRODUCTION,E104,N,TXN0000000572
API000007678,2024-08-14 06:07:51,TransactionAPI,/api/transactions,POST,502,59,1474,7188,SRV024,PRODUCTION,E105,N,TXN0000020175
API000007685,2024-08-12 04:30:14,TransactionAPI,/api/transactions,GET,504,45,4446,695,SRV035,PRODUCTION,E109,Y,TXN0000009063
API000007694,2023-11-08 01:17:51,LoanAPI,/api/loans,POST,504,147,904,2744,SRV016,UAT,E111,Y,TXN0000014712
API000007696,2023-11-05 02:36:03,StatementAPI,/api/statements,POST,503,189,4168,4189,SRV038,PRODUCTION,E106,N,TXN0000004674
API000007702,2024-03-04 14:04:21,FraudAPI,/api/fraud,POST,504,358,1023,8430,SRV013,PRODUCTION,E102,Y,TXN0000012020
API000007705,2024-08-12 07:42:04,AccountAPI,/api/accounts,GET,500,554,1760,4398,SRV013,SIT,E108,N,TXN0000003904
API000007708,2026-04-26 21:00:20,KYCAPI,/api/kyc,POST,503,383,1689,1179,SRV033,PRODUCTION,E111,N,TXN0000008696
API000007709,2024-05-22 23:03:19,CustomerAPI,/api/customers,POST,502,20,1328,3260,SRV016,PRODUCTION,E102,N,TXN0000004972
API000007711,2023-01-06 04:30:54,AuthAPI,/api/auth,PUT,503,302,3126,2965,SRV040,UAT,E106,N,TXN0000015987
API000007712,2023-09-22 15:59:53,CustomerAPI,/api/customers,GET,502,186,4018,2108,SRV039,PRODUCTION,E102,N,
API000007714,2024-03-13 00:48:37,CustomerAPI,/api/customers,POST,502,80,3136,6230,SRV014,PRODUCTION,E106,N,
API000007720,2025-01-10 18:26:17,AccountAPI,/api/accounts,GET,504,180,831,1047,SRV031,PRODUCTION,E100,Y,TXN0000010728
API000007743,2023-12-28 18:23:44,TransactionAPI,/api/transactions,POST,503,218,4579,2047,SRV005,PRODUCTION,E102,N,
API000007744,2024-02-01 00:13:43,AuthAPI,/api/auth,POST,500,109,3279,7056,SRV010,UAT,E102,N,TXN0000023041
API000007745,2024-06-12 08:49:04,AuthAPI,/api/auth,PUT,502,87,2066,1508,SRV012,PRODUCTION,E111,N,TXN0000001390
API000007770,2023-10-22 03:41:56,NotificationAPI,/api/notifications,GET,503,215,4069,403,SRV006,UAT,E100,N,TXN0000002677
API000007781,2023-05-26 12:54:37,FraudAPI,/api/fraud,GET,502,350,2772,1259,SRV023,PRODUCTION,E101,N,TXN0000005642
API000007782,2024-07-20 05:39:46,TransactionAPI,/api/transactions,POST,503,56,2107,7464,SRV030,PRODUCTION,E110,N,TXN0000023646
API000007784,2025-11-11 05:23:10,NotificationAPI,/api/notifications,PUT,504,122,3460,972,SRV019,PRODUCTION,E105,Y,
API000007789,2025-10-26 21:54:18,AuthAPI,/api/auth,GET,500,340,2465,6482,SRV011,PRODUCTION,E111,N,
API000007793,2024-06-17 01:34:07,NotificationAPI,/api/notifications,PUT,503,68,3539,9642,SRV009,PRODUCTION,E106,N,TXN0000001311
API000007809,2023-05-05 15:19:06,CustomerAPI,/api/customers,GET,500,163,3786,3952,SRV008,UAT,E101,N,TXN0000002254
API000007815,2024-03-23 16:39:15,NotificationAPI,/api/notifications,GET,502,181,826,5130,SRV029,PRODUCTION,E111,N,TXN0000000738
API000007857,2023-08-02 07:03:18,KYCAPI,/api/kyc,POST,500,174,2377,3220,SRV002,SIT,E101,N,TXN0000015006
API000007859,2025-11-23 12:07:35,PaymentAPI,/api/payments,POST,500,614,1358,5161,SRV040,PRODUCTION,E110,N,
API000007914,2025-01-14 10:24:14,LoanAPI,/api/loans,GET,500,127,120,5429,SRV039,PRODUCTION,E107,N,TXN0000022244
API000008002,2024-10-12 01:53:35,CustomerAPI,/api/customers,DELETE,500,601,2932,6361,SRV027,UAT,E106,N,
API000008058,2026-02-26 22:11:10,NotificationAPI,/api/notifications,GET,500,326,1145,9346,SRV022,UAT,E111,N,TXN0000019045
API000008072,2023-10-12 02:17:55,AccountAPI,/api/accounts,POST,500,241,428,9779,SRV009,PRODUCTION,E104,N,
API000008074,2023-04-29 10:26:27,AuthAPI,/api/auth,GET,500,103,2289,3139,SRV016,PRODUCTION,E109,N,TXN0000000796
API000008078,2023-04-21 09:33:38,StatementAPI,/api/statements,DELETE,502,43,2637,1647,SRV039,PRODUCTION,E108,N,
API000008089,2026-07-12 23:57:34,FraudAPI,/api/fraud,GET,502,1583,4157,5149,SRV026,PRODUCTION,E111,N,TXN0000010216
API000008100,2023-05-07 08:05:02,AccountAPI,/api/accounts,POST,502,84,4910,4021,SRV037,PRODUCTION,E103,N,TXN0000022122
API000008101,2023-03-02 21:26:40,LoanAPI,/api/loans,PUT,502,97,4508,6009,SRV007,PRODUCTION,E100,N,
API000008114,2024-05-17 20:40:09,LoanAPI,/api/loans,GET,500,176,2608,6119,SRV026,PRODUCTION,E103,N,TXN0000015137
API000008118,2023-06-22 10:51:50,TransactionAPI,/api/transactions,GET,504,107,4125,2993,SRV026,PRODUCTION,E110,Y,
API000008149,2023-01-19 00:05:13,PaymentAPI,/api/payments,PUT,500,60,3923,2884,SRV019,PRODUCTION,E109,N,TXN0000014946
API000008162,2025-06-20 16:10:37,PaymentAPI,/api/payments,GET,500,156,539,3955,SRV024,PRODUCTION,E101,N,
API000008165,2024-11-01 22:32:37,CustomerAPI,/api/customers,PUT,502,259,720,6633,SRV014,PRODUCTION,E109,N,TXN0000012983
API000008166,2024-08-22 14:15:49,AccountAPI,/api/accounts,GET,503,490,3340,1681,SRV020,PRODUCTION,E106,N,TXN0000003974
API000008173,2023-03-15 13:14:02,AuthAPI,/api/auth,GET,502,754,803,2075,SRV019,PRODUCTION,E104,N,TXN0000005198
API000008186,2024-03-21 22:04:19,KYCAPI,/api/kyc,GET,500,152,3135,5728,SRV016,SIT,E104,N,
API000008201,2025-03-01 10:08:16,KYCAPI,/api/kyc,POST,504,242,2293,6114,SRV019,PRODUCTION,E106,Y,TXN0000016409
API000008208,2024-04-26 20:28:50,PaymentAPI,/api/payments,GET,504,213,3950,8423,SRV017,PRODUCTION,E111,Y,
API000008211,2023-05-06 00:47:28,KYCAPI,/api/kyc,POST,502,166,2890,8526,SRV013,UAT,E101,N,TXN0000005598
API000008225,2023-11-02 22:54:46,CustomerAPI,/api/customers,GET,504,72,4255,8555,SRV031,SIT,E100,Y,TXN0000000353
API000008235,2025-04-28 15:04:37,AccountAPI,/api/accounts,GET,502,89,2743,1235,SRV003,PRODUCTION,E110,N,TXN0000012170
API000008238,2024-11-13 07:56:27,FraudAPI,/api/fraud,DELETE,502,129,2493,4380,SRV012,PRODUCTION,E109,N,TXN0000022615
API000008243,2025-06-26 20:15:53,KYCAPI,/api/kyc,GET,500,500,3438,6281,SRV023,PRODUCTION,E107,N,TXN0000020034
API000008245,2024-09-22 19:03:19,FraudAPI,/api/fraud,GET,500,67,3387,9826,SRV011,PRODUCTION,E110,N,TXN0000016119
API000008253,2025-05-05 21:45:22,LoanAPI,/api/loans,POST,502,38,2968,6748,SRV024,PRODUCTION,E108,N,TXN0000014752
API000008259,2024-04-03 01:28:38,LoanAPI,/api/loans,POST,503,174,3289,9250,SRV037,PRODUCTION,E104,N,
API000008280,2026-05-14 14:45:46,NotificationAPI,/api/notifications,POST,502,69,1694,5462,SRV027,PRODUCTION,E105,N,
API000008281,2026-04-06 05:38:52,StatementAPI,/api/statements,POST,500,489,3493,7618,SRV017,UAT,E101,N,TXN0000017444
API000008286,2025-03-11 14:18:19,CustomerAPI,/api/customers,POST,500,88,2053,6816,SRV026,PRODUCTION,E100,N,TXN0000005755
API000008296,2024-06-08 11:11:17,AuthAPI,/api/auth,POST,500,63,4782,6368,SRV009,PRODUCTION,E106,N,
API000008305,2025-06-11 05:41:33,CustomerAPI,/api/customers,POST,504,131,4131,9660,SRV025,PRODUCTION,E107,Y,
API000008306,2025-01-30 09:22:18,LoanAPI,/api/loans,GET,500,89,1539,1224,SRV024,PRODUCTION,E107,N,TXN0000009880
API000008307,2023-05-05 17:02:45,TransactionAPI,/api/transactions,GET,503,591,4640,9071,SRV007,PRODUCTION,E107,N,
API000008356,2025-07-31 02:42:17,KYCAPI,/api/kyc,GET,500,48,2430,5548,SRV018,PRODUCTION,E102,N,TXN0000000148
API000008367,2026-06-07 02:22:11,LoanAPI,/api/loans,GET,500,150,4049,1680,SRV025,PRODUCTION,E104,N,TXN0000022495
API000008386,2023-11-01 16:18:18,AuthAPI,/api/auth,GET,500,275,243,4712,SRV006,PRODUCTION,E103,N,
API000008388,2026-03-07 20:40:09,CustomerAPI,/api/customers,GET,500,205,3390,1463,SRV036,PRODUCTION,E105,N,
API000008404,2024-05-10 17:27:27,LoanAPI,/api/loans,GET,504,28,3671,4848,SRV007,SIT,E109,Y,
API000008411,2025-12-05 01:08:49,CustomerAPI,/api/customers,POST,500,144,4954,1494,SRV027,UAT,E102,N,
API000008413,2023-09-25 05:59:45,FraudAPI,/api/fraud,GET,502,73,2083,2745,SRV036,PRODUCTION,E108,N,
API000008422,2024-07-13 02:46:21,CustomerAPI,/api/customers,POST,502,108,947,5223,SRV020,PRODUCTION,E108,N,TXN0000007801
API000008434,2026-04-23 08:25:12,FraudAPI,/api/fraud,POST,500,461,3460,5350,SRV007,PRODUCTION,E109,N,TXN0000010951
API000008439,2023-12-23 01:57:07,PaymentAPI,/api/payments,GET,502,178,1137,8901,SRV017,PRODUCTION,E109,N,TXN0000022914
API000008440,2024-04-25 17:20:29,StatementAPI,/api/statements,GET,500,384,3109,4029,SRV014,UAT,E107,N,TXN0000010880
API000008442,2024-07-07 11:40:43,NotificationAPI,/api/notifications,GET,500,54,4309,9206,SRV015,UAT,E111,N,
API000008470,2024-10-02 04:12:36,CustomerAPI,/api/customers,POST,500,317,1956,8659,SRV032,PRODUCTION,E101,N,TXN0000006311
API000008473,2025-03-02 01:12:00,CustomerAPI,/api/customers,GET,502,115,3040,7064,SRV006,SIT,E101,N,TXN0000010341
API000008476,2025-01-26 16:43:54,KYCAPI,/api/kyc,GET,502,115,1507,6911,SRV029,PRODUCTION,E110,N,TXN0000000922
API000008479,2023-10-26 03:36:55,StatementAPI,/api/statements,POST,504,47,3284,4631,SRV036,PRODUCTION,E105,Y,TXN0000018581
API000008482,2024-01-15 20:16:36,PaymentAPI,/api/payments,POST,503,153,2483,6651,SRV023,PRODUCTION,E107,N,
API000008501,2025-07-03 07:02:26,AuthAPI,/api/auth,POST,503,448,3447,8943,SRV040,PRODUCTION,E102,N,
API000008503,2025-12-22 18:13:20,LoanAPI,/api/loans,GET,500,38,3701,4345,SRV025,PRODUCTION,E100,N,
API000008510,2024-10-09 09:29:19,AuthAPI,/api/auth,POST,500,39,405,7268,SRV039,PRODUCTION,E111,N,TXN0000023672
API000008520,2026-01-11 03:04:22,FraudAPI,/api/fraud,POST,502,218,1314,4534,SRV038,UAT,E107,N,
API000008521,2024-02-28 20:29:28,FraudAPI,/api/fraud,GET,504,173,2712,8545,SRV029,PRODUCTION,E110,Y,
API000008541,2025-12-12 04:41:44,LoanAPI,/api/loans,POST,502,321,607,1252,SRV020,PRODUCTION,E103,N,
API000008547,2023-09-18 21:47:53,AuthAPI,/api/auth,DELETE,503,260,3656,625,SRV024,UAT,E102,N,TXN0000012950
API000008555,2026-05-06 10:34:51,AuthAPI,/api/auth,GET,502,58,2919,4203,SRV027,PRODUCTION,E110,N,
API000008569,2026-04-29 07:29:33,TransactionAPI,/api/transactions,PUT,504,222,2751,5103,SRV015,PRODUCTION,E104,Y,
API000008605,2025-03-16 10:18:39,AccountAPI,/api/accounts,DELETE,503,76,4405,3373,SRV017,PRODUCTION,E103,N,TXN0000014794
API000008621,2025-07-03 12:13:44,FraudAPI,/api/fraud,DELETE,502,583,4691,2398,SRV022,PRODUCTION,E109,N,
API000008624,2026-04-03 11:41:53,StatementAPI,/api/statements,POST,503,113,1111,3951,SRV008,PRODUCTION,E108,N,TXN0000019215
API000008631,2024-07-06 18:04:07,TransactionAPI,/api/transactions,GET,503,318,1432,5246,SRV007,PRODUCTION,E101,N,TXN0000002178
API000008636,2026-04-07 07:51:53,PaymentAPI,/api/payments,POST,503,229,1744,2241,SRV015,PRODUCTION,E102,N,
API000008680,2024-08-10 00:52:59,AuthAPI,/api/auth,POST,504,255,1267,3988,SRV022,UAT,E108,Y,TXN0000021679
API000008695,2025-05-26 20:27:45,LoanAPI,/api/loans,GET,504,461,1798,7669,SRV010,PRODUCTION,E105,Y,
API000008703,2024-08-08 13:08:26,CustomerAPI,/api/customers,POST,504,226,4590,6403,SRV024,PRODUCTION,E109,Y,TXN0000009730
API000008708,2023-07-15 00:54:19,TransactionAPI,/api/transactions,PUT,504,104,1624,6342,SRV017,PRODUCTION,E108,Y,
API000008713,2023-05-25 19:41:21,AccountAPI,/api/accounts,POST,500,189,1808,5317,SRV027,PRODUCTION,E101,N,TXN0000004194
API000008728,2023-10-15 15:22:59,AuthAPI,/api/auth,POST,500,23,1826,4106,SRV035,PRODUCTION,E111,N,TXN0000012256
API000008731,2025-03-28 14:50:29,StatementAPI,/api/statements,GET,504,197,3915,5110,SRV018,PRODUCTION,E101,Y,TXN0000000156
API000008748,2024-01-09 11:21:44,TransactionAPI,/api/transactions,GET,502,145,3009,5444,SRV024,PRODUCTION,E101,N,TXN0000024096
API000008768,2023-09-16 12:07:41,AccountAPI,/api/accounts,GET,504,145,1529,5894,SRV031,PRODUCTION,E109,Y,TXN0000003442
API000008789,2026-06-03 21:06:47,FraudAPI,/api/fraud,DELETE,500,762,4485,3826,SRV001,PRODUCTION,E100,N,
API000008807,2023-06-03 06:10:58,TransactionAPI,/api/transactions,GET,500,595,1738,3878,SRV012,PRODUCTION,E100,N,TXN0000015333
API000008826,2023-05-10 00:38:53,StatementAPI,/api/statements,PUT,504,54,2722,6627,SRV040,SIT,E107,Y,TXN0000011862
API000008829,2023-10-13 20:55:26,FraudAPI,/api/fraud,GET,500,600,4988,4027,SRV001,PRODUCTION,E109,N,TXN0000010653
API000008840,2026-04-19 08:31:05,TransactionAPI,/api/transactions,POST,500,91,339,6049,SRV004,PRODUCTION,E108,N,TXN0000009288
API000008858,2024-02-05 14:50:07,AccountAPI,/api/accounts,GET,504,20,104,7932,SRV035,PRODUCTION,E100,Y,
API000008880,2023-01-21 07:45:49,TransactionAPI,/api/transactions,PUT,503,153,4131,2635,SRV022,PRODUCTION,E101,N,TXN0000004377
API000008885,2026-06-15 18:36:16,AuthAPI,/api/auth,GET,500,298,3911,2703,SRV028,UAT,E104,N,TXN0000012860
API000008886,2023-01-29 03:39:36,PaymentAPI,/api/payments,PUT,503,108,3683,9310,SRV039,PRODUCTION,E106,N,
API000008890,2025-01-02 02:17:01,CustomerAPI,/api/customers,DELETE,500,64,735,9320,SRV034,PRODUCTION,E105,N,TXN0000015032
API000008896,2023-01-01 04:10:35,FraudAPI,/api/fraud,GET,500,233,2715,3561,SRV032,SIT,E107,N,TXN0000016095
API000008910,2025-05-22 09:15:21,LoanAPI,/api/loans,GET,500,124,2002,3238,SRV018,UAT,E106,N,TXN0000000104
API000008916,2026-01-30 11:05:01,KYCAPI,/api/kyc,POST,500,305,4966,2416,SRV020,PRODUCTION,E101,N,TXN0000001314
API000008918,2024-12-21 16:58:45,AccountAPI,/api/accounts,POST,504,317,1974,1952,SRV020,PRODUCTION,E108,Y,TXN0000008117
API000008919,2025-06-23 05:07:39,AuthAPI,/api/auth,GET,502,175,4489,7119,SRV015,PRODUCTION,E109,N,TXN0000024987
API000008923,2023-01-30 14:46:36,AuthAPI,/api/auth,POST,503,29,3833,7194,SRV015,PRODUCTION,E102,N,TXN0000017718
API000008939,2026-05-22 15:42:23,TransactionAPI,/api/transactions,POST,502,545,4310,5114,SRV017,UAT,E106,N,TXN0000010881
API000008947,2026-06-28 01:38:54,CustomerAPI,/api/customers,GET,500,105,371,1594,SRV029,PRODUCTION,E104,N,
API000008968,2024-08-15 12:14:16,KYCAPI,/api/kyc,GET,503,240,614,6884,SRV017,UAT,E109,N,TXN0000004960
API000008970,2025-05-17 04:20:41,StatementAPI,/api/statements,PUT,500,178,4830,8080,SRV006,SIT,E111,N,
API000008977,2023-10-13 07:52:16,AccountAPI,/api/accounts,GET,502,83,1402,6233,SRV013,PRODUCTION,E102,N,
API000008979,2023-03-21 15:39:12,LoanAPI,/api/loans,POST,504,188,966,755,SRV022,SIT,E110,Y,TXN0000019987
API000008986,2026-04-29 15:04:07,TransactionAPI,/api/transactions,POST,504,166,3104,9311,SRV002,SIT,E111,Y,TXN0000005109
API000009018,2023-10-10 22:13:20,CustomerAPI,/api/customers,POST,500,188,1748,6729,SRV033,PRODUCTION,E107,N,
API000009032,2025-05-26 13:47:34,AccountAPI,/api/accounts,POST,504,96,1732,394,SRV029,UAT,E100,Y,TXN0000012625
API000009041,2023-03-04 02:34:37,KYCAPI,/api/kyc,GET,500,1231,4428,4172,SRV039,PRODUCTION,E111,N,TXN0000020506
API000009095,2023-03-20 15:36:08,NotificationAPI,/api/notifications,POST,500,421,2735,7147,SRV038,UAT,E107,N,TXN0000013161
API000009106,2024-01-09 23:40:31,CustomerAPI,/api/customers,GET,502,951,4820,715,SRV018,PRODUCTION,E109,N,
API000009108,2024-10-10 13:37:43,AccountAPI,/api/accounts,GET,504,67,175,2125,SRV018,PRODUCTION,E101,Y,
API000009110,2023-03-20 19:48:46,AuthAPI,/api/auth,POST,502,56,2524,8770,SRV037,PRODUCTION,E111,N,TXN0000014366
API000009117,2026-03-10 04:52:27,KYCAPI,/api/kyc,GET,504,117,2919,2145,SRV021,PRODUCTION,E105,Y,TXN0000009102
API000009134,2024-11-11 22:15:33,NotificationAPI,/api/notifications,POST,500,135,2725,9597,SRV035,PRODUCTION,E108,N,TXN0000013171
API000009142,2026-04-03 08:01:40,AccountAPI,/api/accounts,GET,503,181,2689,9700,SRV022,PRODUCTION,E109,N,TXN0000005868
API000009145,2025-07-03 05:09:05,KYCAPI,/api/kyc,POST,504,107,3814,7925,SRV020,PRODUCTION,E111,Y,
API000009154,2023-10-25 12:06:35,StatementAPI,/api/statements,POST,500,440,812,4796,SRV006,PRODUCTION,E101,N,TXN0000015717
API000009165,2023-09-27 17:25:44,StatementAPI,/api/statements,GET,503,103,2861,2970,SRV027,PRODUCTION,E108,N,
API000009172,2025-12-23 16:07:35,TransactionAPI,/api/transactions,POST,502,164,1595,5992,SRV031,PRODUCTION,E102,N,
API000009180,2024-08-06 15:58:52,StatementAPI,/api/statements,GET,504,419,3838,9175,SRV030,PRODUCTION,E111,Y,
API000009188,2023-05-29 05:55:49,KYCAPI,/api/kyc,POST,500,105,1348,898,SRV028,PRODUCTION,E106,N,TXN0000001718
API000009201,2025-11-09 23:40:34,TransactionAPI,/api/transactions,GET,502,133,4099,3773,SRV031,PRODUCTION,E110,N,TXN0000010046
API000009208,2023-05-23 06:51:15,AccountAPI,/api/accounts,POST,504,451,285,7909,SRV004,SIT,E107,Y,
API000009211,2024-12-23 00:34:15,KYCAPI,/api/kyc,POST,503,189,3618,3592,SRV001,PRODUCTION,E100,N,
API000009218,2023-03-12 04:51:00,LoanAPI,/api/loans,GET,504,67,3943,1190,SRV022,PRODUCTION,E111,Y,
API000009223,2023-10-28 02:52:33,PaymentAPI,/api/payments,GET,503,79,634,5672,SRV027,UAT,E107,N,TXN0000013764
API000009238,2024-06-30 16:48:50,CustomerAPI,/api/customers,POST,504,60,4111,2756,SRV035,PRODUCTION,E110,Y,
API000009240,2023-03-09 04:18:56,KYCAPI,/api/kyc,GET,500,72,3458,664,SRV006,SIT,E103,N,TXN0000011974
API000009241,2024-01-24 11:15:03,NotificationAPI,/api/notifications,GET,503,624,701,5885,SRV009,PRODUCTION,E103,N,TXN0000000420
API000009248,2026-02-25 00:13:34,AccountAPI,/api/accounts,DELETE,500,322,2061,5227,SRV012,PRODUCTION,E100,N,
API000009253,2024-01-28 16:26:43,NotificationAPI,/api/notifications,GET,503,95,2201,7374,SRV027,PRODUCTION,E110,N,
API000009269,2024-01-04 07:34:01,CustomerAPI,/api/customers,GET,500,169,1920,8088,SRV012,PRODUCTION,E105,N,
API000009271,2026-06-18 12:50:16,FraudAPI,/api/fraud,POST,504,682,2964,1661,SRV006,PRODUCTION,E110,Y,TXN0000009711
API000009275,2023-03-22 22:01:23,PaymentAPI,/api/payments,GET,504,140,2016,8151,SRV036,UAT,E108,Y,TXN0000015081
API000009278,2023-06-22 17:31:52,NotificationAPI,/api/notifications,POST,503,533,402,6304,SRV029,PRODUCTION,E105,N,TXN0000002840
API000009279,2023-03-11 12:11:36,AuthAPI,/api/auth,DELETE,500,132,2390,7014,SRV012,PRODUCTION,E107,N,TXN0000019990
API000009281,2026-04-21 01:14:10,KYCAPI,/api/kyc,POST,500,430,793,7801,SRV010,PRODUCTION,E106,N,
API000009284,2023-12-02 10:10:20,AccountAPI,/api/accounts,POST,500,83,2261,8430,SRV001,SIT,E107,N,TXN0000010055
API000009289,2024-03-19 04:03:34,LoanAPI,/api/loans,DELETE,503,646,4514,9365,SRV016,UAT,E109,N,TXN0000024674
API000009298,2024-08-16 03:59:10,FraudAPI,/api/fraud,GET,500,173,1959,2576,SRV013,PRODUCTION,E103,N,TXN0000022570
API000009310,2024-02-21 14:03:38,StatementAPI,/api/statements,GET,504,96,4622,5013,SRV003,PRODUCTION,E107,Y,TXN0000000836
API000009311,2026-03-17 21:55:09,AccountAPI,/api/accounts,GET,502,89,3692,6777,SRV022,UAT,E108,N,TXN0000015150
API000009323,2025-08-07 10:09:37,NotificationAPI,/api/notifications,POST,500,768,2176,3283,SRV017,PRODUCTION,E102,N,TXN0000016194
API000009332,2023-10-06 16:17:25,PaymentAPI,/api/payments,GET,500,456,2233,7516,SRV012,PRODUCTION,E111,N,TXN0000017250
API000009337,2023-09-11 00:47:44,PaymentAPI,/api/payments,GET,500,158,1242,5605,SRV025,PRODUCTION,E107,N,
API000009343,2025-02-21 02:42:39,CustomerAPI,/api/customers,GET,503,203,125,9835,SRV038,SIT,E103,N,TXN0000001523
API000009348,2023-08-04 17:08:34,KYCAPI,/api/kyc,POST,500,693,1953,8869,SRV040,UAT,E111,N,TXN0000023192
API000009350,2026-06-15 14:12:47,AccountAPI,/api/accounts,GET,504,213,4624,2172,SRV020,PRODUCTION,E103,Y,TXN0000003485
API000009354,2023-05-01 23:47:54,StatementAPI,/api/statements,GET,502,227,1328,8487,SRV004,PRODUCTION,E101,N,TXN0000003927
API000009360,2023-10-27 02:56:15,AuthAPI,/api/auth,GET,500,149,1420,610,SRV011,PRODUCTION,E105,N,TXN0000009706
API000009368,2023-01-05 06:45:36,LoanAPI,/api/loans,GET,502,54,4343,4436,SRV004,PRODUCTION,E109,N,
API000009372,2023-06-11 12:24:05,NotificationAPI,/api/notifications,GET,504,337,806,1760,SRV034,PRODUCTION,E111,Y,TXN0000010257
API000009376,2023-06-10 21:50:27,AccountAPI,/api/accounts,DELETE,500,350,2688,1264,SRV038,PRODUCTION,E109,N,TXN0000002816
API000009398,2024-05-20 13:58:01,KYCAPI,/api/kyc,PUT,502,450,590,9577,SRV002,PRODUCTION,E108,N,TXN0000014495
API000009401,2024-11-25 17:26:04,AuthAPI,/api/auth,POST,500,85,4644,7066,SRV029,PRODUCTION,E107,N,
API000009402,2023-11-11 00:53:13,NotificationAPI,/api/notifications,GET,500,341,191,9076,SRV039,PRODUCTION,E104,N,TXN0000011542
API000009410,2023-05-20 14:35:41,PaymentAPI,/api/payments,POST,503,230,765,7442,SRV006,PRODUCTION,E108,N,
API000009424,2024-12-01 06:08:32,TransactionAPI,/api/transactions,GET,504,302,1319,1402,SRV033,PRODUCTION,E100,Y,TXN0000011775
API000009427,2023-01-07 13:19:55,AccountAPI,/api/accounts,POST,503,77,4315,7566,SRV031,PRODUCTION,E100,N,
API000009445,2025-01-21 06:46:08,FraudAPI,/api/fraud,PUT,500,232,183,2518,SRV018,PRODUCTION,E102,N,
API000009451,2025-05-11 07:49:38,PaymentAPI,/api/payments,GET,500,151,1437,2434,SRV024,PRODUCTION,E100,N,
API000009454,2024-10-17 17:30:59,NotificationAPI,/api/notifications,GET,500,423,2242,8366,SRV039,PRODUCTION,E100,N,TXN0000005366
API000009462,2025-08-10 02:14:54,FraudAPI,/api/fraud,POST,504,1276,3675,9836,SRV018,PRODUCTION,E105,Y,TXN0000015070
API000009468,2025-03-11 15:04:16,KYCAPI,/api/kyc,POST,503,112,3900,1834,SRV014,UAT,E101,N,TXN0000023562
API000009470,2026-03-29 18:54:24,AccountAPI,/api/accounts,GET,502,546,3503,8197,SRV015,PRODUCTION,E102,N,TXN0000005775
API000009489,2024-10-24 06:43:41,TransactionAPI,/api/transactions,POST,504,326,3414,7334,SRV018,UAT,E103,Y,TXN0000021387
API000009493,2025-04-04 22:10:16,NotificationAPI,/api/notifications,GET,500,429,465,5914,SRV033,SIT,E107,N,TXN0000008049
API000009502,2023-03-26 15:55:03,LoanAPI,/api/loans,GET,500,164,2103,1735,SRV040,PRODUCTION,E107,N,
API000009505,2025-01-25 16:09:15,PaymentAPI,/api/payments,POST,502,173,4908,423,SRV007,PRODUCTION,E101,N,TXN0000005073
API000009513,2025-02-10 12:24:24,KYCAPI,/api/kyc,POST,503,85,1206,7424,SRV032,PRODUCTION,E101,N,
API000009514,2026-01-30 08:34:10,AuthAPI,/api/auth,POST,500,324,1772,9659,SRV001,PRODUCTION,E103,N,TXN0000015909
API000009539,2025-02-20 05:24:19,StatementAPI,/api/statements,POST,504,121,4072,4156,SRV029,UAT,E109,Y,
API000009552,2024-07-30 06:48:40,TransactionAPI,/api/transactions,POST,500,375,4714,8639,SRV001,PRODUCTION,E101,N,TXN0000006134
API000009573,2024-01-13 00:27:31,KYCAPI,/api/kyc,DELETE,500,103,4464,493,SRV018,PRODUCTION,E103,N,
API000009577,2025-12-18 15:24:49,CustomerAPI,/api/customers,GET,502,188,4952,345,SRV001,PRODUCTION,E107,N,TXN0000006209
API000009585,2023-02-15 16:34:07,AccountAPI,/api/accounts,POST,500,258,2758,7425,SRV020,PRODUCTION,E105,N,
API000009602,2023-08-17 15:59:02,TransactionAPI,/api/transactions,DELETE,504,206,3079,8578,SRV034,PRODUCTION,E105,Y,
API000009603,2025-09-12 15:10:02,NotificationAPI,/api/notifications,GET,500,277,1374,3192,SRV003,PRODUCTION,E111,N,TXN0000022251
API000009621,2023-07-04 18:04:27,AuthAPI,/api/auth,GET,500,75,3341,6885,SRV036,PRODUCTION,E111,N,
API000009655,2026-03-13 06:15:39,StatementAPI,/api/statements,POST,503,234,2264,7087,SRV039,PRODUCTION,E110,N,TXN0000002488
API000009677,2023-07-04 17:32:25,FraudAPI,/api/fraud,POST,504,205,4723,561,SRV035,PRODUCTION,E108,Y,TXN0000011289
API000009678,2025-01-20 10:52:39,AuthAPI,/api/auth,GET,504,282,3608,3634,SRV018,PRODUCTION,E107,Y,
API000009693,2025-06-23 21:29:09,TransactionAPI,/api/transactions,GET,502,201,1925,7304,SRV036,PRODUCTION,E102,N,TXN0000002961
API000009709,2026-05-10 18:26:04,KYCAPI,/api/kyc,POST,503,432,3164,7439,SRV025,SIT,E105,N,
API000009717,2024-04-16 00:29:35,AccountAPI,/api/accounts,PUT,502,63,4577,396,SRV013,PRODUCTION,E100,N,TXN0000008840
API000009718,2025-10-25 21:55:45,CustomerAPI,/api/customers,GET,500,258,2022,6911,SRV021,PRODUCTION,E106,N,
API000009727,2025-08-18 06:43:03,AccountAPI,/api/accounts,GET,504,248,1890,7727,SRV020,PRODUCTION,E105,Y,TXN0000003926
API000009729,2026-04-26 14:30:41,NotificationAPI,/api/notifications,DELETE,504,81,2357,4784,SRV026,PRODUCTION,E111,Y,TXN0000024585
API000009752,2026-06-21 13:34:54,AuthAPI,/api/auth,POST,504,326,982,9863,SRV005,PRODUCTION,E110,Y,TXN0000017016
API000009755,2024-07-23 18:27:51,FraudAPI,/api/fraud,POST,500,2628,1562,3676,SRV039,PRODUCTION,E111,N,TXN0000012470
API000009760,2023-04-09 16:36:51,PaymentAPI,/api/payments,POST,504,52,2817,7573,SRV002,PRODUCTION,E100,Y,
API000009762,2024-03-16 11:52:16,PaymentAPI,/api/payments,POST,504,266,475,815,SRV039,PRODUCTION,E111,Y,TXN0000002749
API000009768,2025-06-30 22:22:48,StatementAPI,/api/statements,GET,503,247,3194,2593,SRV017,SIT,E108,N,TXN0000000582
API000009770,2024-10-25 22:10:41,LoanAPI,/api/loans,PUT,500,273,2793,7578,SRV003,PRODUCTION,E100,N,
API000009771,2023-07-04 06:10:21,TransactionAPI,/api/transactions,POST,500,503,3260,2073,SRV024,PRODUCTION,E107,N,
API000009783,2024-04-09 14:51:51,FraudAPI,/api/fraud,POST,504,58,756,2549,SRV020,PRODUCTION,E105,Y,TXN0000017448
API000009784,2026-04-19 15:28:04,LoanAPI,/api/loans,GET,504,398,387,953,SRV034,SIT,E105,Y,
API000009792,2024-10-28 06:35:12,TransactionAPI,/api/transactions,GET,500,144,4634,2543,SRV030,PRODUCTION,E100,N,
API000009806,2025-12-11 15:48:11,CustomerAPI,/api/customers,POST,503,123,1985,2479,SRV003,PRODUCTION,E104,N,TXN0000015682
API000009819,2023-11-16 06:27:23,NotificationAPI,/api/notifications,GET,503,172,2653,7699,SRV031,SIT,E109,N,TXN0000006802
API000009827,2025-08-29 19:49:44,LoanAPI,/api/loans,GET,503,103,2649,1228,SRV002,PRODUCTION,E101,N,TXN0000013259
API000009837,2024-03-30 00:41:53,CustomerAPI,/api/customers,GET,500,219,4370,805,SRV018,PRODUCTION,E100,N,TXN0000021345
API000009858,2024-05-03 17:01:24,KYCAPI,/api/kyc,POST,502,254,4805,7154,SRV033,PRODUCTION,E110,N,TXN0000016213
API000009869,2025-09-22 16:57:27,AccountAPI,/api/accounts,GET,502,43,4022,1523,SRV001,PRODUCTION,E108,N,TXN0000015734
API000009872,2025-04-26 22:17:59,NotificationAPI,/api/notifications,GET,504,46,3067,6113,SRV009,PRODUCTION,E111,Y,TXN0000021031
API000009885,2023-04-14 22:14:29,TransactionAPI,/api/transactions,GET,504,60,3278,8780,SRV027,PRODUCTION,E109,Y,TXN0000003511
API000009897,2024-08-09 12:28:11,AuthAPI,/api/auth,PUT,504,86,614,2739,SRV027,PRODUCTION,E109,Y,
API000009911,2025-10-17 04:34:25,AccountAPI,/api/accounts,PUT,500,320,729,4079,SRV040,PRODUCTION,E106,N,TXN0000016492
API000009912,2025-07-12 13:57:18,AuthAPI,/api/auth,POST,500,185,2188,1641,SRV023,UAT,E111,N,TXN0000017091
API000009928,2024-07-05 01:50:26,AccountAPI,/api/accounts,POST,504,181,2044,924,SRV031,PRODUCTION,E111,Y,TXN0000016350
API000009942,2025-10-10 18:03:33,CustomerAPI,/api/customers,GET,502,49,2059,8213,SRV014,PRODUCTION,E103,N,TXN0000008260
API000009949,2025-01-13 07:31:59,TransactionAPI,/api/transactions,GET,503,214,4428,9885,SRV037,PRODUCTION,E101,N,TXN0000003008
API000009952,2024-01-07 01:29:23,PaymentAPI,/api/payments,PUT,500,90,3622,4745,SRV008,PRODUCTION,E108,N,
API000009958,2023-10-14 14:31:50,PaymentAPI,/api/payments,GET,500,125,4926,5429,SRV030,PRODUCTION,E106,N,TXN0000016884
API000009963,2025-10-21 22:15:07,NotificationAPI,/api/notifications,POST,503,468,3433,5641,SRV010,UAT,E110,N,TXN0000010609
API000009973,2024-09-24 18:04:01,CustomerAPI,/api/customers,GET,504,181,3503,2977,SRV013,PRODUCTION,E103,Y,
API000009987,2026-01-19 18:07:52,LoanAPI,/api/loans,POST,502,132,4598,1776,SRV015,UAT,E107,N,
API000009999,2026-01-04 06:41:33,AccountAPI,/api/accounts,GET,500,515,4543,5257,SRV024,PRODUCTION,E101,N,TXN0000008229
API000010003,2024-01-27 09:45:48,TransactionAPI,/api/transactions,PUT,504,122,3924,4025,SRV015,PRODUCTION,E101,Y,TXN0000023100
API000010011,2026-05-24 03:25:52,FraudAPI,/api/fraud,GET,503,141,2098,4912,SRV008,PRODUCTION,E102,N,TXN0000013695
API000010014,2024-09-09 15:50:06,NotificationAPI,/api/notifications,GET,503,288,3181,2785,SRV022,PRODUCTION,E104,N,TXN0000017083
API000010020,2026-07-04 11:10:08,TransactionAPI,/api/transactions,GET,504,308,2656,5752,SRV038,PRODUCTION,E109,Y,TXN0000004730
API000010022,2023-08-30 09:14:00,TransactionAPI,/api/transactions,POST,500,195,4098,2516,SRV011,PRODUCTION,E106,N,TXN0000019242
API000010023,2026-03-03 05:05:29,CustomerAPI,/api/customers,GET,503,111,2370,6110,SRV013,PRODUCTION,E100,N,
API000010024,2023-02-20 01:47:45,KYCAPI,/api/kyc,POST,502,45,1456,2882,SRV031,PRODUCTION,E100,N,TXN0000021019
API000010037,2024-01-03 13:37:30,NotificationAPI,/api/notifications,POST,500,150,1832,1979,SRV014,SIT,E106,N,
API000010038,2026-05-05 06:44:47,StatementAPI,/api/statements,POST,504,110,1225,8787,SRV037,PRODUCTION,E109,Y,
API000010055,2024-09-22 05:34:45,AuthAPI,/api/auth,POST,502,307,921,7727,SRV024,PRODUCTION,E107,N,
API000010065,2023-11-04 13:13:26,TransactionAPI,/api/transactions,GET,502,309,3625,2313,SRV014,PRODUCTION,E107,N,TXN0000019658
API000010071,2024-02-14 23:27:24,TransactionAPI,/api/transactions,PUT,500,151,1090,9719,SRV020,PRODUCTION,E100,N,
API000010111,2024-03-26 06:20:19,StatementAPI,/api/statements,GET,500,407,2131,8843,SRV022,SIT,E109,N,TXN0000010049
API000010114,2025-02-23 01:51:02,StatementAPI,/api/statements,PUT,502,183,480,8398,SRV026,UAT,E110,N,
API000010129,2025-10-18 07:41:45,TransactionAPI,/api/transactions,DELETE,502,72,911,6842,SRV004,PRODUCTION,E110,N,
API000010130,2025-09-02 18:20:04,FraudAPI,/api/fraud,GET,500,120,3785,2143,SRV019,PRODUCTION,E103,N,TXN0000004930
API000010144,2025-08-18 22:41:46,AccountAPI,/api/accounts,GET,503,252,3953,6467,SRV016,PRODUCTION,E100,N,TXN0000016404
API000010162,2024-04-26 03:17:36,KYCAPI,/api/kyc,GET,504,155,3134,6799,SRV002,PRODUCTION,E106,Y,
API000010164,2026-03-13 10:56:54,TransactionAPI,/api/transactions,DELETE,500,82,2215,1074,SRV006,PRODUCTION,E108,N,TXN0000006386
API000010172,2025-08-16 06:23:33,PaymentAPI,/api/payments,PUT,503,96,3724,9129,SRV035,PRODUCTION,E110,N,TXN0000003432
API000010178,2026-04-14 05:51:09,AuthAPI,/api/auth,POST,503,428,988,8252,SRV024,PRODUCTION,E109,N,TXN0000012472
API000010181,2025-06-23 18:42:28,KYCAPI,/api/kyc,GET,502,328,3035,4638,SRV036,UAT,E108,N,
API000010207,2025-01-19 07:26:10,KYCAPI,/api/kyc,POST,504,191,2560,9442,SRV003,PRODUCTION,E111,Y,
API000010225,2023-02-20 03:10:06,FraudAPI,/api/fraud,POST,503,569,2418,9436,SRV037,PRODUCTION,E100,N,TXN0000001840
API000010243,2025-07-12 16:07:12,KYCAPI,/api/kyc,GET,502,30,4041,1223,SRV009,UAT,E100,N,
API000010251,2024-09-26 09:30:32,AccountAPI,/api/accounts,POST,500,62,2586,788,SRV039,PRODUCTION,E102,N,
API000010254,2023-05-03 05:01:38,CustomerAPI,/api/customers,POST,504,133,4085,3244,SRV007,PRODUCTION,E106,Y,
API000010268,2026-05-08 21:07:46,LoanAPI,/api/loans,POST,502,88,289,7114,SRV010,PRODUCTION,E106,N,TXN0000010177
API000010276,2025-10-21 23:18:31,AccountAPI,/api/accounts,GET,502,661,1058,1488,SRV026,PRODUCTION,E101,N,TXN0000020935
API000010278,2025-04-21 21:01:34,PaymentAPI,/api/payments,GET,500,337,1018,2573,SRV038,PRODUCTION,E108,N,TXN0000008992
API000010282,2023-07-31 21:46:47,LoanAPI,/api/loans,GET,502,64,1636,1409,SRV035,PRODUCTION,E109,N,
API000010286,2025-12-17 00:08:22,KYCAPI,/api/kyc,POST,504,60,1796,661,SRV031,PRODUCTION,E102,Y,TXN0000013619
API000010295,2025-11-04 20:46:34,CustomerAPI,/api/customers,POST,502,179,674,6769,SRV022,PRODUCTION,E104,N,TXN0000004023
API000010315,2026-05-28 19:50:20,CustomerAPI,/api/customers,GET,504,385,1727,6293,SRV018,PRODUCTION,E106,Y,TXN0000016622
API000010318,2025-08-31 12:42:45,AccountAPI,/api/accounts,GET,504,226,1301,1649,SRV007,UAT,E104,Y,TXN0000018601
API000010319,2025-07-18 02:14:34,AuthAPI,/api/auth,GET,502,96,3442,1176,SRV040,PRODUCTION,E107,N,TXN0000012790
API000010321,2024-03-23 19:49:33,NotificationAPI,/api/notifications,POST,502,63,616,4751,SRV040,PRODUCTION,E111,N,
API000010330,2023-03-10 20:59:13,AuthAPI,/api/auth,PUT,503,258,1980,821,SRV017,PRODUCTION,E104,N,TXN0000008736
API000010333,2026-06-11 00:02:14,StatementAPI,/api/statements,PUT,502,187,3443,1407,SRV019,PRODUCTION,E102,N,TXN0000008601
API000010363,2023-08-26 05:24:11,FraudAPI,/api/fraud,DELETE,504,130,1666,1466,SRV008,PRODUCTION,E109,Y,
API000010380,2025-02-19 02:23:47,AccountAPI,/api/accounts,GET,500,187,3544,8112,SRV036,PRODUCTION,E108,N,
API000010385,2023-07-30 05:27:09,AuthAPI,/api/auth,POST,500,392,2431,5062,SRV012,PRODUCTION,E107,N,TXN0000012448
API000010402,2023-11-05 01:49:02,PaymentAPI,/api/payments,GET,500,50,1775,7562,SRV019,PRODUCTION,E103,N,TXN0000018276
API000010406,2025-11-03 10:19:40,CustomerAPI,/api/customers,POST,503,256,529,6765,SRV013,PRODUCTION,E101,N,TXN0000015291
API000010409,2023-12-19 04:52:44,AccountAPI,/api/accounts,POST,504,488,1609,6914,SRV022,PRODUCTION,E101,Y,TXN0000022143
API000010413,2026-07-19 07:12:17,KYCAPI,/api/kyc,POST,500,109,2651,7361,SRV003,PRODUCTION,E108,N,
API000010424,2025-07-27 02:43:55,LoanAPI,/api/loans,POST,500,105,964,2345,SRV023,UAT,E102,N,TXN0000012293
API000010428,2023-06-03 06:49:34,CustomerAPI,/api/customers,POST,504,87,2907,422,SRV013,UAT,E102,Y,TXN0000020405
API000010434,2025-02-14 20:08:07,KYCAPI,/api/kyc,GET,500,143,3269,5337,SRV019,PRODUCTION,E105,N,TXN0000019365
API000010439,2023-05-27 22:50:57,AccountAPI,/api/accounts,POST,503,194,2363,2409,SRV037,PRODUCTION,E105,N,TXN0000003333
API000010442,2026-05-08 21:10:36,CustomerAPI,/api/customers,GET,503,87,1571,4118,SRV028,PRODUCTION,E111,N,TXN0000009262
API000010443,2025-02-15 21:44:51,LoanAPI,/api/loans,GET,502,69,357,7546,SRV031,PRODUCTION,E111,N,TXN0000013722
API000010456,2025-12-02 07:11:21,LoanAPI,/api/loans,POST,503,334,4195,3752,SRV039,PRODUCTION,E107,N,TXN0000007829
API000010466,2024-06-17 18:30:56,FraudAPI,/api/fraud,POST,503,70,4272,4176,SRV014,PRODUCTION,E106,N,
API000010467,2023-07-08 18:49:50,AccountAPI,/api/accounts,POST,503,169,1375,9215,SRV002,PRODUCTION,E108,N,TXN0000020720
API000010482,2023-08-23 12:41:41,LoanAPI,/api/loans,GET,503,333,923,2768,SRV024,PRODUCTION,E111,N,TXN0000014631
API000010488,2024-07-23 16:26:29,StatementAPI,/api/statements,GET,504,141,767,5377,SRV028,SIT,E100,Y,TXN0000017905
API000010498,2024-04-12 19:32:51,NotificationAPI,/api/notifications,GET,503,228,1906,8805,SRV002,PRODUCTION,E103,N,
API000010514,2024-07-26 04:30:22,CustomerAPI,/api/customers,GET,504,309,148,3767,SRV002,SIT,E109,Y,TXN0000023592
API000010548,2023-07-26 01:08:21,PaymentAPI,/api/payments,PUT,500,102,4642,4867,SRV026,SIT,E102,N,
API000010553,2024-12-27 17:53:13,AccountAPI,/api/accounts,POST,502,205,948,1874,SRV021,UAT,E111,N,
API000010569,2026-02-01 13:17:35,TransactionAPI,/api/transactions,GET,500,68,1844,985,SRV038,PRODUCTION,E101,N,TXN0000020803
API000010576,2025-12-25 13:30:48,TransactionAPI,/api/transactions,POST,502,337,364,1347,SRV027,PRODUCTION,E110,N,TXN0000010955
API000010594,2026-05-16 06:58:53,FraudAPI,/api/fraud,DELETE,503,276,3116,2682,SRV021,PRODUCTION,E106,N,TXN0000018545
API000010606,2023-03-25 04:02:25,TransactionAPI,/api/transactions,POST,500,278,3020,2684,SRV008,PRODUCTION,E105,N,
API000010612,2026-05-23 01:43:58,FraudAPI,/api/fraud,GET,500,71,2101,1278,SRV004,PRODUCTION,E103,N,TXN0000008014
API000010617,2025-06-14 18:42:25,TransactionAPI,/api/transactions,PUT,500,165,1987,7984,SRV039,PRODUCTION,E108,N,TXN0000024232
API000010623,2023-02-08 07:15:13,KYCAPI,/api/kyc,POST,500,318,3849,5214,SRV001,PRODUCTION,E100,N,TXN0000006627
API000010624,2025-06-20 03:59:04,FraudAPI,/api/fraud,GET,500,156,3868,4202,SRV007,PRODUCTION,E108,N,
API000010630,2024-04-22 18:28:32,AccountAPI,/api/accounts,GET,504,215,4918,7962,SRV004,PRODUCTION,E106,Y,TXN0000015481
API000010632,2023-10-04 13:05:16,NotificationAPI,/api/notifications,PUT,503,181,4209,2518,SRV022,PRODUCTION,E111,N,TXN0000012834
API000010635,2023-11-09 13:39:11,StatementAPI,/api/statements,GET,503,434,3022,694,SRV037,PRODUCTION,E109,N,
API000010637,2025-05-30 18:17:27,PaymentAPI,/api/payments,PUT,503,204,1763,6003,SRV013,PRODUCTION,E105,N,TXN0000020195
API000010640,2026-03-27 12:13:38,TransactionAPI,/api/transactions,POST,500,478,2149,1045,SRV018,PRODUCTION,E105,N,TXN0000005705
API000010652,2025-07-04 17:01:15,PaymentAPI,/api/payments,PUT,502,304,363,2470,SRV003,PRODUCTION,E107,N,
API000010663,2026-05-12 07:01:04,CustomerAPI,/api/customers,GET,500,59,1391,7658,SRV033,UAT,E101,N,TXN0000024606
API000010664,2025-11-07 10:01:02,LoanAPI,/api/loans,POST,502,131,1297,6225,SRV030,SIT,E109,N,
API000010670,2026-02-26 21:31:59,KYCAPI,/api/kyc,GET,503,93,3391,5347,SRV027,PRODUCTION,E109,N,TXN0000007889
API000010675,2024-01-03 18:06:06,LoanAPI,/api/loans,POST,500,145,487,521,SRV024,PRODUCTION,E106,N,TXN0000005379
API000010679,2024-09-20 21:14:05,PaymentAPI,/api/payments,POST,504,185,4627,295,SRV012,SIT,E105,Y,TXN0000017924
API000010684,2023-06-17 12:01:03,AccountAPI,/api/accounts,GET,504,198,4381,4285,SRV019,PRODUCTION,E102,Y,
API000010701,2023-02-14 12:34:54,LoanAPI,/api/loans,POST,502,207,1885,7563,SRV023,PRODUCTION,E106,N,
API000010713,2026-04-18 21:07:38,StatementAPI,/api/statements,POST,502,272,4872,1383,SRV037,PRODUCTION,E104,N,TXN0000007551
API000010717,2024-11-08 11:27:11,AuthAPI,/api/auth,PUT,504,305,514,7804,SRV015,PRODUCTION,E107,Y,TXN0000014204
API000010722,2026-01-27 07:11:54,NotificationAPI,/api/notifications,POST,502,878,3158,5344,SRV009,PRODUCTION,E106,N,TXN0000017748
API000010739,2026-07-16 12:38:14,AuthAPI,/api/auth,POST,502,332,3397,431,SRV027,PRODUCTION,E104,N,TXN0000017849
API000010748,2023-12-19 14:22:38,KYCAPI,/api/kyc,GET,500,384,244,4804,SRV008,PRODUCTION,E108,N,
API000010759,2026-04-29 00:06:57,AuthAPI,/api/auth,POST,503,204,2186,1626,SRV032,UAT,E102,N,
API000010761,2024-07-17 05:24:34,AuthAPI,/api/auth,PUT,500,133,3626,7259,SRV029,PRODUCTION,E102,N,TXN0000010128
API000010776,2024-10-16 00:40:59,KYCAPI,/api/kyc,POST,504,89,466,1530,SRV004,PRODUCTION,E104,Y,TXN0000017261
API000010780,2024-06-09 07:30:26,NotificationAPI,/api/notifications,GET,504,250,2380,8385,SRV037,PRODUCTION,E100,Y,TXN0000004954
API000010785,2023-12-30 23:10:34,LoanAPI,/api/loans,PUT,500,427,1158,5006,SRV012,UAT,E102,N,
API000010788,2025-07-08 13:47:40,KYCAPI,/api/kyc,GET,500,82,2405,234,SRV003,PRODUCTION,E103,N,
API000010797,2024-04-22 03:02:59,StatementAPI,/api/statements,POST,504,145,2590,7226,SRV006,SIT,E106,Y,TXN0000001047
API000010815,2026-07-09 12:26:01,LoanAPI,/api/loans,GET,504,66,2931,6304,SRV007,UAT,E110,Y,TXN0000014201
API000010816,2025-07-25 13:30:44,StatementAPI,/api/statements,GET,504,240,265,574,SRV003,PRODUCTION,E108,Y,TXN0000009506
API000010820,2026-05-05 16:17:59,NotificationAPI,/api/notifications,GET,500,245,4737,9617,SRV027,PRODUCTION,E107,N,TXN0000000786
API000010823,2024-11-07 09:20:05,StatementAPI,/api/statements,POST,504,149,1807,2972,SRV016,PRODUCTION,E110,Y,
API000010824,2026-04-15 13:26:33,CustomerAPI,/api/customers,DELETE,500,94,4370,240,SRV023,PRODUCTION,E108,N,
API000010834,2023-01-18 21:12:03,TransactionAPI,/api/transactions,GET,503,142,1485,4718,SRV009,PRODUCTION,E104,N,TXN0000004158
API000010841,2025-01-31 10:03:26,FraudAPI,/api/fraud,GET,500,102,4278,9456,SRV009,UAT,E103,N,TXN0000015704
API000010850,2023-10-20 21:42:28,TransactionAPI,/api/transactions,GET,504,103,722,1489,SRV010,PRODUCTION,E103,Y,
API000010856,2024-11-08 01:27:17,AccountAPI,/api/accounts,POST,503,126,3429,5868,SRV005,UAT,E105,N,
API000010864,2024-05-17 16:10:44,PaymentAPI,/api/payments,PUT,504,228,190,3997,SRV022,PRODUCTION,E107,Y,TXN0000015537
API000010868,2025-10-22 05:04:00,LoanAPI,/api/loans,GET,500,446,4554,9606,SRV040,PRODUCTION,E109,N,TXN0000018296
API000010876,2026-05-18 13:16:11,TransactionAPI,/api/transactions,POST,502,118,2856,2204,SRV032,PRODUCTION,E109,N,TXN0000019253
API000010881,2023-12-04 01:35:47,KYCAPI,/api/kyc,DELETE,500,257,2125,1305,SRV028,PRODUCTION,E107,N,
API000010883,2023-11-10 11:49:37,AccountAPI,/api/accounts,GET,504,138,2036,8270,SRV001,PRODUCTION,E111,Y,TXN0000000809
API000010891,2025-06-13 13:48:29,AccountAPI,/api/accounts,GET,503,124,4153,4542,SRV016,PRODUCTION,E104,N,TXN0000017943
API000010892,2024-08-30 11:28:41,PaymentAPI,/api/payments,POST,504,171,613,1595,SRV016,UAT,E100,Y,TXN0000013906
API000010900,2026-01-18 08:21:32,PaymentAPI,/api/payments,GET,503,98,2245,6021,SRV036,PRODUCTION,E100,N,TXN0000005580
API000010905,2023-10-26 13:29:42,KYCAPI,/api/kyc,DELETE,500,66,2093,4342,SRV035,PRODUCTION,E105,N,TXN0000012279
API000010914,2025-12-11 13:50:02,StatementAPI,/api/statements,POST,502,392,1753,7509,SRV037,PRODUCTION,E111,N,TXN0000024940
API000010920,2024-02-08 00:23:47,AccountAPI,/api/accounts,POST,504,137,1698,3554,SRV004,UAT,E108,Y,
API000010935,2025-12-03 16:52:08,NotificationAPI,/api/notifications,PUT,502,95,4668,3982,SRV011,PRODUCTION,E108,N,TXN0000020028
API000010938,2026-05-30 14:23:13,CustomerAPI,/api/customers,GET,502,90,2566,261,SRV034,PRODUCTION,E109,N,
API000010942,2024-01-03 13:30:02,CustomerAPI,/api/customers,GET,500,72,117,5419,SRV022,PRODUCTION,E111,N,TXN0000015963
API000010947,2023-01-25 10:26:44,TransactionAPI,/api/transactions,POST,500,1045,715,7221,SRV027,PRODUCTION,E101,N,TXN0000008630
API000010948,2025-03-05 22:23:20,FraudAPI,/api/fraud,GET,504,674,1429,2502,SRV021,PRODUCTION,E103,Y,TXN0000001572
API000010949,2026-06-13 05:49:39,AuthAPI,/api/auth,POST,503,114,1951,1344,SRV004,PRODUCTION,E104,N,TXN0000013567
API000010979,2023-05-19 18:42:25,KYCAPI,/api/kyc,POST,500,363,4579,6760,SRV011,PRODUCTION,E110,N,TXN0000016509
API000010986,2025-07-21 01:13:27,CustomerAPI,/api/customers,POST,500,365,3724,589,SRV034,PRODUCTION,E102,N,TXN0000008554
API000010998,2025-04-14 02:44:49,AuthAPI,/api/auth,POST,504,273,110,2484,SRV025,PRODUCTION,E105,Y,TXN0000021092
API000011028,2025-07-11 06:20:58,TransactionAPI,/api/transactions,GET,500,103,2132,2006,SRV039,PRODUCTION,E106,N,TXN0000007645
API000011030,2025-05-04 12:37:01,NotificationAPI,/api/notifications,POST,502,115,4339,6894,SRV037,UAT,E105,N,TXN0000006795
API000011040,2025-07-07 21:35:39,CustomerAPI,/api/customers,GET,500,154,374,6540,SRV027,PRODUCTION,E111,N,TXN0000008410
API000011044,2023-03-19 21:41:48,KYCAPI,/api/kyc,DELETE,504,152,1537,5288,SRV008,UAT,E109,Y,
API000011046,2026-04-24 19:34:07,CustomerAPI,/api/customers,POST,503,387,4685,1924,SRV040,PRODUCTION,E101,N,TXN0000020212
API000011061,2024-11-07 11:52:18,AccountAPI,/api/accounts,POST,504,718,1058,4036,SRV038,PRODUCTION,E111,Y,
API000011065,2026-03-24 03:15:09,PaymentAPI,/api/payments,POST,500,1161,1361,7503,SRV007,PRODUCTION,E111,N,
API000011069,2023-12-28 15:04:55,LoanAPI,/api/loans,POST,504,195,2521,4849,SRV030,SIT,E106,Y,TXN0000010150
API000011072,2026-05-13 02:37:05,TransactionAPI,/api/transactions,PUT,503,130,4823,4478,SRV019,UAT,E103,N,TXN0000005174
API000011081,2023-07-04 18:36:03,AccountAPI,/api/accounts,POST,503,489,523,3407,SRV029,PRODUCTION,E104,N,TXN0000021082
API000011096,2025-08-19 18:32:31,TransactionAPI,/api/transactions,GET,504,46,3550,8493,SRV011,PRODUCTION,E110,Y,TXN0000003017
API000011097,2023-11-09 23:10:34,FraudAPI,/api/fraud,GET,502,159,1156,8527,SRV012,SIT,E111,N,TXN0000011531
API000011112,2023-05-08 03:44:27,StatementAPI,/api/statements,GET,503,185,2482,9849,SRV033,PRODUCTION,E109,N,
API000011119,2025-05-04 22:00:01,AuthAPI,/api/auth,POST,504,164,3007,8643,SRV004,UAT,E102,Y,
API000011120,2024-06-18 03:06:30,KYCAPI,/api/kyc,GET,500,105,237,6104,SRV004,PRODUCTION,E103,N,TXN0000019479
API000011126,2023-05-04 05:44:30,LoanAPI,/api/loans,GET,503,120,3364,6906,SRV020,PRODUCTION,E101,N,TXN0000011496
API000011143,2023-08-28 08:07:34,StatementAPI,/api/statements,POST,500,146,1913,1791,SRV019,SIT,E103,N,TXN0000001741
API000011150,2023-01-24 09:07:11,StatementAPI,/api/statements,POST,500,433,4464,6872,SRV017,PRODUCTION,E101,N,TXN0000017821
API000011158,2023-05-03 13:32:21,TransactionAPI,/api/transactions,GET,503,114,1727,300,SRV004,PRODUCTION,E100,N,TXN0000024270
API000011163,2025-05-23 03:53:25,NotificationAPI,/api/notifications,POST,504,53,4705,3327,SRV002,PRODUCTION,E106,Y,TXN0000023162
API000011172,2025-02-19 10:47:10,FraudAPI,/api/fraud,GET,500,136,4679,3003,SRV014,PRODUCTION,E103,N,
API000011179,2023-02-18 04:02:25,AuthAPI,/api/auth,GET,500,617,2077,7606,SRV010,PRODUCTION,E100,N,TXN0000020604
API000011181,2023-09-09 01:00:09,NotificationAPI,/api/notifications,POST,502,193,2395,4169,SRV030,UAT,E108,N,
API000011185,2024-05-29 10:24:18,FraudAPI,/api/fraud,POST,500,321,3039,1899,SRV031,PRODUCTION,E110,N,
API000011207,2023-07-25 00:53:26,LoanAPI,/api/loans,POST,500,209,2608,3051,SRV021,PRODUCTION,E103,N,
API000011211,2023-05-12 15:56:12,StatementAPI,/api/statements,PUT,504,118,4207,2945,SRV027,PRODUCTION,E101,Y,TXN0000022269
API000011223,2024-04-16 12:40:33,KYCAPI,/api/kyc,GET,500,122,3506,6036,SRV027,PRODUCTION,E109,N,TXN0000020803
API000011242,2024-07-17 08:47:23,TransactionAPI,/api/transactions,POST,503,63,457,7105,SRV018,UAT,E111,N,
API000011253,2025-12-04 10:16:14,KYCAPI,/api/kyc,PUT,500,313,4713,2531,SRV011,PRODUCTION,E107,N,TXN0000009240
API000011255,2025-02-06 04:14:18,KYCAPI,/api/kyc,POST,503,477,2205,5389,SRV033,PRODUCTION,E107,N,
API000011260,2025-12-04 22:12:26,CustomerAPI,/api/customers,GET,504,129,2715,5520,SRV021,PRODUCTION,E104,Y,
API000011270,2024-05-27 18:54:43,CustomerAPI,/api/customers,PUT,504,49,289,3262,SRV022,PRODUCTION,E110,Y,TXN0000023556
API000011281,2024-10-26 16:15:46,TransactionAPI,/api/transactions,DELETE,500,120,2415,874,SRV030,PRODUCTION,E106,N,TXN0000013824
API000011282,2024-12-08 19:05:51,LoanAPI,/api/loans,POST,502,61,2740,6510,SRV013,PRODUCTION,E109,N,TXN0000012407
API000011291,2024-05-27 08:00:24,TransactionAPI,/api/transactions,POST,504,367,698,8830,SRV038,PRODUCTION,E110,Y,TXN0000018456
API000011298,2024-12-20 20:11:56,PaymentAPI,/api/payments,DELETE,502,94,1985,9095,SRV016,PRODUCTION,E102,N,TXN0000009813
API000011309,2023-05-18 04:53:57,KYCAPI,/api/kyc,POST,504,87,1917,7878,SRV017,PRODUCTION,E102,Y,TXN0000009158
API000011312,2024-01-09 00:42:58,FraudAPI,/api/fraud,POST,503,79,3764,3003,SRV010,PRODUCTION,E106,N,TXN0000001825
API000011323,2025-11-04 17:06:51,StatementAPI,/api/statements,PUT,500,373,779,8381,SRV025,PRODUCTION,E111,N,TXN0000001619
API000011331,2024-07-25 04:24:27,PaymentAPI,/api/payments,GET,504,128,3801,1140,SRV003,PRODUCTION,E107,Y,TXN0000014106
API000011375,2025-02-16 01:35:49,FraudAPI,/api/fraud,GET,500,70,2299,6339,SRV031,UAT,E107,N,TXN0000015666
API000011405,2026-01-06 05:40:45,CustomerAPI,/api/customers,DELETE,502,481,2187,7532,SRV017,SIT,E103,N,TXN0000003623
API000011412,2024-11-16 10:19:19,TransactionAPI,/api/transactions,GET,500,200,3989,8506,SRV005,PRODUCTION,E103,N,TXN0000024321
API000011426,2025-03-26 02:39:09,CustomerAPI,/api/customers,GET,502,276,2223,4188,SRV010,PRODUCTION,E110,N,
API000011441,2023-03-14 05:30:18,KYCAPI,/api/kyc,GET,500,89,2459,7399,SRV009,UAT,E102,N,TXN0000011432
API000011448,2025-03-26 22:07:31,FraudAPI,/api/fraud,POST,500,33,1391,2446,SRV013,PRODUCTION,E101,N,
API000011455,2026-07-13 11:09:08,AuthAPI,/api/auth,PUT,502,167,3842,8889,SRV037,PRODUCTION,E104,N,TXN0000002232
API000011465,2026-01-08 11:58:12,AuthAPI,/api/auth,PUT,504,231,2990,5334,SRV036,PRODUCTION,E105,Y,
API000011466,2023-07-19 06:47:34,KYCAPI,/api/kyc,DELETE,503,195,638,8939,SRV026,PRODUCTION,E103,N,TXN0000016421
API000011473,2025-09-08 00:57:07,StatementAPI,/api/statements,POST,504,266,3623,7071,SRV004,PRODUCTION,E111,Y,TXN0000012630
API000011476,2026-04-15 09:04:21,LoanAPI,/api/loans,POST,503,32,1566,6437,SRV022,UAT,E102,N,TXN0000016614
API000011484,2026-05-25 23:49:01,PaymentAPI,/api/payments,GET,504,20,4568,2134,SRV024,PRODUCTION,E104,Y,TXN0000024958
API000011526,2023-10-08 15:16:04,AuthAPI,/api/auth,GET,504,458,2302,6451,SRV036,PRODUCTION,E107,Y,TXN0000003371
API000011532,2026-06-08 08:27:14,TransactionAPI,/api/transactions,DELETE,504,446,4102,5558,SRV024,PRODUCTION,E111,Y,
API000011540,2023-10-24 15:15:40,NotificationAPI,/api/notifications,GET,500,107,4454,6232,SRV026,PRODUCTION,E109,N,
API000011541,2025-02-21 00:26:06,FraudAPI,/api/fraud,POST,504,597,1877,7210,SRV039,UAT,E111,Y,TXN0000009242
API000011548,2026-03-07 14:14:28,AuthAPI,/api/auth,GET,504,106,2951,7093,SRV029,PRODUCTION,E111,Y,TXN0000024981
API000011549,2023-11-24 13:01:04,TransactionAPI,/api/transactions,PUT,504,81,2245,8471,SRV004,PRODUCTION,E101,Y,TXN0000024276
API000011559,2025-08-14 02:52:59,AccountAPI,/api/accounts,GET,503,54,2827,5593,SRV039,PRODUCTION,E108,N,TXN0000007528
API000011561,2026-03-15 08:10:49,AuthAPI,/api/auth,POST,500,409,2499,3197,SRV039,PRODUCTION,E109,N,TXN0000000265
API000011570,2024-10-08 14:40:14,AccountAPI,/api/accounts,PUT,504,449,337,2881,SRV015,PRODUCTION,E102,Y,TXN0000024885
API000011577,2026-01-05 11:26:37,AccountAPI,/api/accounts,POST,502,79,650,5967,SRV029,PRODUCTION,E107,N,TXN0000005239
API000011601,2024-10-09 01:11:38,StatementAPI,/api/statements,POST,504,250,4689,3610,SRV023,PRODUCTION,E104,Y,TXN0000000172
API000011609,2024-06-06 18:01:00,PaymentAPI,/api/payments,DELETE,500,92,4802,3568,SRV004,PRODUCTION,E103,N,TXN0000019964
API000011610,2025-09-06 11:49:20,AccountAPI,/api/accounts,POST,504,101,556,7398,SRV023,PRODUCTION,E109,Y,TXN0000017430
API000011615,2024-06-20 14:33:49,AuthAPI,/api/auth,GET,502,946,3479,5792,SRV014,PRODUCTION,E103,N,
API000011618,2023-10-07 09:46:13,CustomerAPI,/api/customers,POST,500,166,364,3839,SRV023,UAT,E100,N,TXN0000001514
API000011631,2025-05-06 14:12:04,NotificationAPI,/api/notifications,GET,500,471,4208,3854,SRV029,PRODUCTION,E107,N,
API000011649,2023-12-29 20:13:23,NotificationAPI,/api/notifications,GET,504,129,405,8697,SRV006,PRODUCTION,E107,Y,TXN0000008732
API000011672,2024-11-04 10:40:41,NotificationAPI,/api/notifications,GET,500,457,2115,1230,SRV027,PRODUCTION,E107,N,TXN0000021336
API000011674,2024-10-28 17:29:13,AccountAPI,/api/accounts,GET,502,21,3230,3496,SRV016,PRODUCTION,E107,N,TXN0000021801
API000011680,2024-09-10 12:26:28,StatementAPI,/api/statements,POST,500,85,3785,4610,SRV009,PRODUCTION,E101,N,
API000011684,2024-06-30 06:19:10,TransactionAPI,/api/transactions,PUT,503,132,4194,7637,SRV022,PRODUCTION,E103,N,
API000011686,2025-08-25 09:12:53,CustomerAPI,/api/customers,PUT,500,158,2141,1568,SRV030,UAT,E107,N,
API000011703,2024-08-29 16:53:59,TransactionAPI,/api/transactions,POST,504,146,3293,2421,SRV022,PRODUCTION,E106,Y,TXN0000014621
API000011704,2024-06-27 22:16:18,KYCAPI,/api/kyc,GET,503,186,2275,9859,SRV012,PRODUCTION,E109,N,TXN0000022203
API000011706,2025-06-03 06:23:02,CustomerAPI,/api/customers,POST,500,234,4930,6274,SRV026,SIT,E105,N,TXN0000014908
API000011717,2024-08-19 21:15:06,TransactionAPI,/api/transactions,POST,500,72,1053,9129,SRV007,PRODUCTION,E101,N,TXN0000014999
API000011728,2023-06-30 18:13:42,CustomerAPI,/api/customers,GET,504,179,2982,3449,SRV015,PRODUCTION,E107,Y,
API000011743,2025-03-17 22:38:43,AccountAPI,/api/accounts,POST,500,213,2656,3093,SRV039,PRODUCTION,E103,N,
API000011758,2024-05-11 10:14:58,TransactionAPI,/api/transactions,POST,502,270,1012,8302,SRV029,PRODUCTION,E109,N,TXN0000024478
API000011763,2023-02-23 10:23:13,AccountAPI,/api/accounts,GET,504,218,3484,1012,SRV016,PRODUCTION,E108,Y,
API000011767,2023-08-26 15:27:41,NotificationAPI,/api/notifications,POST,503,61,1779,8403,SRV009,PRODUCTION,E108,N,TXN0000019919
API000011779,2026-05-21 14:26:53,TransactionAPI,/api/transactions,POST,500,1293,442,8864,SRV010,PRODUCTION,E104,N,
API000011781,2023-11-01 03:48:25,LoanAPI,/api/loans,GET,504,524,4030,7946,SRV027,SIT,E106,Y,TXN0000024683
API000011784,2023-03-24 08:22:15,CustomerAPI,/api/customers,GET,503,95,4228,4424,SRV020,SIT,E102,N,TXN0000006902
API000011792,2023-10-07 23:15:44,AccountAPI,/api/accounts,GET,502,46,4565,8014,SRV007,PRODUCTION,E111,N,TXN0000017435
API000011793,2025-03-30 10:36:05,FraudAPI,/api/fraud,POST,500,90,2847,1060,SRV024,PRODUCTION,E103,N,
API000011822,2024-10-13 20:45:22,AuthAPI,/api/auth,POST,502,893,1003,2105,SRV027,PRODUCTION,E109,N,TXN0000004879
API000011826,2024-04-23 02:14:43,CustomerAPI,/api/customers,POST,504,277,3572,5673,SRV007,PRODUCTION,E102,Y,
API000011838,2025-06-17 04:25:42,AuthAPI,/api/auth,GET,503,87,2061,4132,SRV008,PRODUCTION,E103,N,
API000011848,2023-02-02 01:59:15,CustomerAPI,/api/customers,PUT,500,147,4124,3965,SRV036,PRODUCTION,E109,N,
API000011866,2024-07-19 14:46:47,StatementAPI,/api/statements,POST,503,90,608,8233,SRV009,PRODUCTION,E107,N,
API000011882,2025-10-01 22:48:50,NotificationAPI,/api/notifications,POST,503,176,1585,6977,SRV017,SIT,E102,N,
API000011888,2024-10-16 17:08:12,PaymentAPI,/api/payments,POST,504,461,2715,6943,SRV029,PRODUCTION,E100,Y,TXN0000008408
API000011910,2023-11-29 18:42:39,CustomerAPI,/api/customers,GET,503,78,573,4977,SRV004,PRODUCTION,E103,N,TXN0000021044
API000011919,2023-09-10 01:07:22,CustomerAPI,/api/customers,GET,500,45,393,851,SRV014,PRODUCTION,E103,N,TXN0000015403
API000011933,2024-10-07 07:48:35,KYCAPI,/api/kyc,GET,500,165,733,2027,SRV037,PRODUCTION,E106,N,
API000011942,2023-03-21 20:26:16,NotificationAPI,/api/notifications,GET,500,52,4842,7263,SRV035,PRODUCTION,E104,N,TXN0000013738
API000011943,2023-07-11 01:52:26,FraudAPI,/api/fraud,POST,502,119,2235,9816,SRV017,PRODUCTION,E101,N,
API000011947,2023-08-10 23:34:40,LoanAPI,/api/loans,GET,503,242,1050,1885,SRV032,PRODUCTION,E111,N,TXN0000013487
API000011956,2025-03-22 00:23:35,AccountAPI,/api/accounts,GET,502,220,110,4223,SRV034,PRODUCTION,E104,N,
API000011961,2023-07-01 14:25:39,LoanAPI,/api/loans,PUT,504,78,2777,4405,SRV015,PRODUCTION,E100,Y,TXN0000023220
API000011964,2025-05-10 11:28:46,PaymentAPI,/api/payments,POST,504,128,4245,6772,SRV012,PRODUCTION,E108,Y,
API000011973,2024-07-10 06:39:21,TransactionAPI,/api/transactions,GET,500,60,1058,5814,SRV033,UAT,E107,N,TXN0000024983
API000011976,2024-06-19 08:36:45,StatementAPI,/api/statements,POST,503,45,1209,6223,SRV005,PRODUCTION,E102,N,TXN0000010231
API000011997,2026-01-09 12:54:38,AuthAPI,/api/auth,POST,503,585,1436,5523,SRV020,PRODUCTION,E110,N,TXN0000003061
API000012004,2026-07-07 14:23:29,FraudAPI,/api/fraud,GET,504,723,2647,9175,SRV005,PRODUCTION,E110,Y,
API000012017,2024-11-28 18:52:16,StatementAPI,/api/statements,GET,500,42,2475,9152,SRV022,UAT,E105,N,
API000012025,2024-03-09 01:10:15,AccountAPI,/api/accounts,POST,504,489,637,7092,SRV033,UAT,E106,Y,TXN0000024319
API000012054,2024-01-14 02:32:53,NotificationAPI,/api/notifications,POST,500,146,3746,6510,SRV025,PRODUCTION,E110,N,TXN0000017412
API000012058,2023-03-02 11:49:36,KYCAPI,/api/kyc,POST,500,168,450,1993,SRV035,PRODUCTION,E110,N,TXN0000004941
API000012072,2023-01-31 01:11:57,KYCAPI,/api/kyc,GET,502,133,2657,5342,SRV003,PRODUCTION,E100,N,TXN0000023957
API000012099,2026-07-13 16:29:38,NotificationAPI,/api/notifications,GET,500,98,1449,3402,SRV019,PRODUCTION,E102,N,
API000012103,2025-05-29 13:14:19,AccountAPI,/api/accounts,POST,502,343,2026,882,SRV034,PRODUCTION,E104,N,
API000012104,2026-05-20 19:06:20,TransactionAPI,/api/transactions,GET,500,244,4229,8846,SRV026,PRODUCTION,E103,N,
API000012105,2025-08-21 12:06:18,AccountAPI,/api/accounts,POST,500,28,477,5965,SRV039,UAT,E101,N,
API000012132,2026-05-08 08:02:15,PaymentAPI,/api/payments,POST,502,849,2839,6423,SRV024,PRODUCTION,E102,N,TXN0000015777
API000012147,2024-04-09 19:10:27,FraudAPI,/api/fraud,POST,504,175,1494,3253,SRV035,PRODUCTION,E108,Y,
API000012154,2024-06-22 00:10:23,CustomerAPI,/api/customers,POST,504,1737,3734,1978,SRV020,PRODUCTION,E109,Y,
API000012176,2024-02-23 08:47:28,KYCAPI,/api/kyc,POST,504,149,4761,3341,SRV006,PRODUCTION,E102,Y,TXN0000016231
API000012188,2024-08-16 01:07:26,FraudAPI,/api/fraud,GET,500,21,2163,3484,SRV036,PRODUCTION,E111,N,TXN0000000545
API000012190,2025-07-18 07:00:36,AccountAPI,/api/accounts,GET,500,122,1180,8474,SRV005,UAT,E108,N,
API000012206,2025-11-27 13:38:05,AuthAPI,/api/auth,POST,504,575,3872,9366,SRV032,PRODUCTION,E111,Y,TXN0000009961
API000012207,2023-07-03 09:43:51,TransactionAPI,/api/transactions,GET,500,120,366,5679,SRV035,PRODUCTION,E106,N,TXN0000021179
API000012214,2023-02-06 22:51:30,AuthAPI,/api/auth,GET,502,508,1405,9896,SRV018,PRODUCTION,E107,N,TXN0000006640
API000012224,2024-03-17 09:06:17,KYCAPI,/api/kyc,POST,504,276,102,4831,SRV004,PRODUCTION,E101,Y,TXN0000002134
API000012232,2025-01-31 15:48:42,StatementAPI,/api/statements,GET,500,272,3286,7188,SRV039,SIT,E104,N,
API000012239,2024-10-31 21:40:27,FraudAPI,/api/fraud,GET,503,230,2692,5013,SRV017,PRODUCTION,E102,N,TXN0000014554
API000012245,2023-04-09 17:44:52,KYCAPI,/api/kyc,GET,504,830,2005,9030,SRV002,PRODUCTION,E108,Y,TXN0000011354
API000012270,2024-03-11 09:14:51,AuthAPI,/api/auth,GET,503,158,2660,4627,SRV032,PRODUCTION,E111,N,
API000012273,2023-10-22 16:00:40,TransactionAPI,/api/transactions,GET,502,137,1373,9372,SRV021,PRODUCTION,E110,N,TXN0000019441
API000012279,2024-10-22 21:20:42,AuthAPI,/api/auth,POST,502,140,2959,1665,SRV022,SIT,E110,N,TXN0000024429
API000012281,2026-05-17 08:04:50,TransactionAPI,/api/transactions,POST,500,432,2350,1239,SRV023,PRODUCTION,E105,N,TXN0000006187
API000012305,2025-07-27 10:38:27,KYCAPI,/api/kyc,PUT,500,525,4072,9719,SRV018,PRODUCTION,E109,N,
API000012310,2023-10-25 19:20:07,PaymentAPI,/api/payments,GET,503,117,2947,2265,SRV013,PRODUCTION,E106,N,TXN0000007720
API000012325,2025-12-19 05:24:31,TransactionAPI,/api/transactions,GET,504,221,4046,1374,SRV025,PRODUCTION,E108,Y,TXN0000002021
API000012327,2025-02-17 15:48:27,AuthAPI,/api/auth,POST,504,234,1654,302,SRV012,PRODUCTION,E109,Y,TXN0000008589
API000012346,2026-01-04 16:35:41,FraudAPI,/api/fraud,GET,502,173,3675,4164,SRV037,PRODUCTION,E104,N,
API000012351,2023-12-02 00:09:37,PaymentAPI,/api/payments,PUT,500,190,2232,7394,SRV002,SIT,E108,N,TXN0000017112
API000012361,2023-04-08 03:35:14,NotificationAPI,/api/notifications,POST,500,446,2259,6239,SRV021,UAT,E107,N,
API000012371,2023-05-07 05:10:56,KYCAPI,/api/kyc,POST,503,179,4207,9009,SRV024,PRODUCTION,E105,N,
API000012373,2023-07-18 12:58:29,NotificationAPI,/api/notifications,POST,504,179,1185,7799,SRV013,PRODUCTION,E103,Y,TXN0000024624
API000012380,2025-11-10 18:50:40,StatementAPI,/api/statements,POST,502,186,4457,9409,SRV025,PRODUCTION,E102,N,TXN0000023964
API000012396,2023-11-17 23:58:31,AuthAPI,/api/auth,PUT,500,81,1242,2961,SRV010,PRODUCTION,E109,N,
API000012402,2024-11-11 04:48:38,NotificationAPI,/api/notifications,POST,503,121,757,5951,SRV011,UAT,E108,N,
API000012408,2023-07-23 04:53:32,TransactionAPI,/api/transactions,DELETE,500,278,2159,8606,SRV010,PRODUCTION,E108,N,TXN0000024119
API000012443,2023-03-30 10:55:34,CustomerAPI,/api/customers,PUT,503,31,3346,6722,SRV008,PRODUCTION,E102,N,TXN0000024178
API000012453,2024-07-14 10:11:30,AccountAPI,/api/accounts,GET,503,229,1261,3177,SRV010,UAT,E107,N,TXN0000010999
API000012457,2025-01-28 04:07:54,AccountAPI,/api/accounts,PUT,503,199,1593,8807,SRV012,PRODUCTION,E102,N,
API000012462,2024-10-09 17:42:38,AccountAPI,/api/accounts,POST,504,202,3307,8110,SRV034,PRODUCTION,E102,Y,TXN0000010925
API000012468,2024-09-21 00:00:44,NotificationAPI,/api/notifications,POST,502,358,4213,4149,SRV010,SIT,E105,N,
API000012474,2023-03-10 10:11:20,LoanAPI,/api/loans,PUT,503,116,2562,497,SRV040,PRODUCTION,E102,N,TXN0000007407
API000012479,2026-01-07 18:57:16,AuthAPI,/api/auth,GET,500,362,3164,3839,SRV003,PRODUCTION,E104,N,
API000012490,2026-05-17 20:07:59,PaymentAPI,/api/payments,GET,503,324,3279,3014,SRV012,UAT,E102,N,
API000012501,2023-04-24 09:55:17,StatementAPI,/api/statements,GET,500,78,1594,5451,SRV028,PRODUCTION,E105,N,TXN0000003602
API000012525,2024-10-03 02:28:00,AccountAPI,/api/accounts,GET,504,147,3966,4915,SRV008,PRODUCTION,E106,Y,TXN0000002756
API000012531,2023-08-29 01:28:58,CustomerAPI,/api/customers,POST,500,193,203,8553,SRV018,PRODUCTION,E110,N,TXN0000000038
API000012544,2024-01-03 17:49:09,KYCAPI,/api/kyc,PUT,500,104,1379,4417,SRV015,UAT,E111,N,TXN0000007284
API000012547,2025-05-04 19:11:46,PaymentAPI,/api/payments,GET,500,158,4386,3302,SRV037,PRODUCTION,E108,N,TXN0000016709
API000012567,2025-12-07 09:43:10,KYCAPI,/api/kyc,POST,502,132,2652,3810,SRV020,PRODUCTION,E107,N,TXN0000010489
API000012577,2026-07-01 16:04:29,PaymentAPI,/api/payments,PUT,504,317,1536,6310,SRV036,UAT,E109,Y,TXN0000013351
API000012582,2025-01-30 16:01:51,AuthAPI,/api/auth,POST,504,155,4458,2599,SRV009,PRODUCTION,E100,Y,
API000012590,2023-12-30 09:32:40,LoanAPI,/api/loans,POST,500,275,3616,7582,SRV002,SIT,E109,N,TXN0000002834
API000012604,2023-01-05 02:46:02,AccountAPI,/api/accounts,GET,500,125,1365,8813,SRV018,PRODUCTION,E105,N,TXN0000022794
API000012607,2025-07-17 16:54:44,FraudAPI,/api/fraud,POST,504,73,4545,6486,SRV034,PRODUCTION,E110,Y,TXN0000012585
API000012608,2024-05-23 06:52:36,NotificationAPI,/api/notifications,GET,500,43,1293,8536,SRV025,UAT,E109,N,TXN0000021528
API000012627,2024-07-31 05:15:40,AuthAPI,/api/auth,GET,500,1061,3440,3354,SRV031,UAT,E103,N,TXN0000016961
API000012633,2024-11-06 00:57:00,PaymentAPI,/api/payments,POST,504,112,2029,7703,SRV021,SIT,E106,Y,
API000012640,2023-04-29 13:47:44,CustomerAPI,/api/customers,POST,502,208,2854,6099,SRV019,PRODUCTION,E101,N,TXN0000023330
API000012655,2025-06-14 00:07:41,CustomerAPI,/api/customers,GET,503,72,2902,2163,SRV027,PRODUCTION,E107,N,TXN0000024118
API000012656,2024-01-30 20:55:27,StatementAPI,/api/statements,GET,502,79,1283,8876,SRV007,SIT,E101,N,TXN0000007191
API000012669,2024-03-24 09:39:37,TransactionAPI,/api/transactions,GET,504,174,2832,6539,SRV019,PRODUCTION,E108,Y,TXN0000001772
API000012675,2024-05-23 21:48:37,StatementAPI,/api/statements,POST,503,327,544,3106,SRV034,PRODUCTION,E106,N,TXN0000023646
API000012702,2026-03-27 22:36:00,KYCAPI,/api/kyc,PUT,500,535,4986,2088,SRV008,SIT,E106,N,TXN0000011101
API000012708,2024-05-28 23:41:46,AuthAPI,/api/auth,DELETE,502,182,1046,2765,SRV033,PRODUCTION,E105,N,TXN0000005012
API000012722,2025-11-20 06:35:02,LoanAPI,/api/loans,GET,504,49,4856,9428,SRV014,PRODUCTION,E108,Y,
API000012734,2026-01-15 12:28:01,LoanAPI,/api/loans,GET,502,20,2592,8774,SRV033,PRODUCTION,E103,N,
API000012737,2024-06-06 22:31:44,CustomerAPI,/api/customers,GET,503,312,631,6573,SRV036,PRODUCTION,E107,N,TXN0000021979
API000012753,2023-11-29 14:18:26,FraudAPI,/api/fraud,GET,504,102,703,7668,SRV007,PRODUCTION,E105,Y,TXN0000016998
API000012769,2023-03-01 22:00:11,AuthAPI,/api/auth,GET,500,305,1395,3166,SRV040,PRODUCTION,E110,N,
API000012770,2025-05-20 04:08:10,TransactionAPI,/api/transactions,PUT,504,126,4568,9704,SRV008,PRODUCTION,E102,Y,
API000012772,2026-03-20 23:01:32,AuthAPI,/api/auth,GET,504,202,2319,6414,SRV039,PRODUCTION,E109,Y,
API000012774,2024-02-09 14:10:23,TransactionAPI,/api/transactions,PUT,504,453,835,267,SRV036,PRODUCTION,E106,Y,TXN0000004552
API000012783,2023-08-13 06:53:34,CustomerAPI,/api/customers,GET,500,102,2941,1527,SRV008,PRODUCTION,E108,N,TXN0000013921
API000012784,2025-10-05 10:43:00,FraudAPI,/api/fraud,POST,503,102,269,7818,SRV008,SIT,E109,N,TXN0000009834
API000012787,2024-02-08 16:11:22,PaymentAPI,/api/payments,POST,504,97,262,6951,SRV023,PRODUCTION,E111,Y,TXN0000013318
API000012792,2025-09-25 09:14:56,PaymentAPI,/api/payments,DELETE,504,610,274,388,SRV031,SIT,E108,Y,TXN0000014053
API000012799,2023-12-25 17:39:39,FraudAPI,/api/fraud,POST,504,73,303,4621,SRV032,PRODUCTION,E105,Y,
API000012822,2025-11-01 13:34:49,CustomerAPI,/api/customers,GET,503,216,4697,1614,SRV037,PRODUCTION,E108,N,TXN0000015621
API000012825,2026-01-18 09:27:30,FraudAPI,/api/fraud,GET,503,337,1096,3503,SRV020,PRODUCTION,E103,N,TXN0000013226
API000012835,2024-09-03 08:52:13,TransactionAPI,/api/transactions,GET,502,163,1329,9013,SRV025,PRODUCTION,E110,N,TXN0000009057
API000012844,2026-01-29 22:58:27,AuthAPI,/api/auth,POST,504,262,3255,9117,SRV025,PRODUCTION,E108,Y,TXN0000008840
API000012863,2025-12-05 00:04:10,NotificationAPI,/api/notifications,GET,502,225,334,6553,SRV032,PRODUCTION,E104,N,TXN0000003003
API000012867,2025-11-21 11:05:25,PaymentAPI,/api/payments,GET,502,134,900,212,SRV022,PRODUCTION,E111,N,
API000012874,2023-05-22 18:38:53,FraudAPI,/api/fraud,GET,500,299,3267,3340,SRV010,PRODUCTION,E107,N,
API000012885,2024-06-24 14:41:46,StatementAPI,/api/statements,PUT,502,101,2982,2012,SRV039,UAT,E108,N,TXN0000000413
API000012897,2024-10-17 19:04:10,TransactionAPI,/api/transactions,GET,503,163,3935,7705,SRV020,PRODUCTION,E106,N,TXN0000018094
API000012925,2025-09-02 01:39:29,TransactionAPI,/api/transactions,POST,503,96,1814,8941,SRV037,PRODUCTION,E111,N,
API000012939,2023-03-08 16:23:28,KYCAPI,/api/kyc,POST,504,176,3356,3681,SRV014,SIT,E100,Y,TXN0000021097
API000012947,2025-04-23 10:01:56,TransactionAPI,/api/transactions,GET,500,58,2959,6956,SRV027,PRODUCTION,E107,N,TXN0000015596
API000012948,2026-04-26 00:33:42,TransactionAPI,/api/transactions,GET,500,57,1583,5378,SRV027,SIT,E107,N,TXN0000021819
API000012957,2023-08-28 20:46:58,FraudAPI,/api/fraud,GET,500,27,678,5200,SRV006,PRODUCTION,E111,N,TXN0000018276
API000012960,2025-05-31 12:26:14,AccountAPI,/api/accounts,GET,504,52,4461,291,SRV018,PRODUCTION,E106,Y,TXN0000003923
API000012964,2024-08-02 20:14:35,PaymentAPI,/api/payments,GET,500,111,2005,9299,SRV018,PRODUCTION,E109,N,TXN0000010283
API000012971,2026-02-03 21:48:26,KYCAPI,/api/kyc,PUT,502,47,3595,7145,SRV011,PRODUCTION,E107,N,
API000012983,2026-04-12 07:04:07,CustomerAPI,/api/customers,GET,504,1350,258,6170,SRV009,SIT,E102,Y,
API000013003,2026-02-05 15:40:49,StatementAPI,/api/statements,PUT,504,168,3476,1445,SRV016,PRODUCTION,E103,Y,TXN0000024982
API000013019,2026-06-12 08:40:47,AuthAPI,/api/auth,POST,500,92,4324,9992,SRV008,PRODUCTION,E110,N,TXN0000007000
API000013026,2023-02-01 00:01:14,StatementAPI,/api/statements,POST,500,212,106,280,SRV033,PRODUCTION,E111,N,
API000013031,2023-07-19 15:30:10,AccountAPI,/api/accounts,GET,503,118,4285,6608,SRV003,UAT,E101,N,TXN0000015085
API000013032,2023-10-06 08:48:51,AccountAPI,/api/accounts,GET,500,23,1815,9607,SRV014,UAT,E103,N,
API000013036,2023-05-17 17:22:45,AccountAPI,/api/accounts,POST,500,149,4240,4456,SRV021,PRODUCTION,E103,N,TXN0000023087
API000013041,2023-09-28 17:42:45,NotificationAPI,/api/notifications,GET,502,180,1700,4069,SRV015,PRODUCTION,E106,N,TXN0000008763
API000013049,2025-08-11 06:23:31,StatementAPI,/api/statements,DELETE,500,124,3528,6750,SRV027,PRODUCTION,E107,N,TXN0000009505
API000013065,2025-01-08 03:49:01,LoanAPI,/api/loans,POST,500,85,1114,3338,SRV036,PRODUCTION,E102,N,TXN0000007386
API000013068,2025-02-16 01:17:02,LoanAPI,/api/loans,GET,503,43,3822,5586,SRV007,UAT,E107,N,TXN0000003413
API000013084,2024-11-29 09:19:06,NotificationAPI,/api/notifications,POST,503,262,255,2995,SRV027,UAT,E110,N,TXN0000010354
API000013086,2023-05-15 08:17:16,LoanAPI,/api/loans,PUT,504,173,4167,8805,SRV023,PRODUCTION,E101,Y,TXN0000015648
API000013108,2024-10-22 07:42:38,FraudAPI,/api/fraud,POST,504,123,4364,3148,SRV034,PRODUCTION,E101,Y,
API000013153,2026-04-19 15:44:27,PaymentAPI,/api/payments,GET,504,175,3697,9671,SRV018,PRODUCTION,E103,Y,TXN0000002845
API000013154,2025-08-17 16:46:49,CustomerAPI,/api/customers,GET,500,436,3304,6635,SRV016,PRODUCTION,E111,N,
API000013166,2024-10-05 11:34:23,KYCAPI,/api/kyc,PUT,503,109,2948,9935,SRV005,PRODUCTION,E109,N,TXN0000007029
API000013174,2025-04-28 04:07:54,TransactionAPI,/api/transactions,GET,503,228,2338,8765,SRV026,PRODUCTION,E106,N,TXN0000019407
API000013177,2024-02-05 00:16:55,AccountAPI,/api/accounts,GET,502,178,1125,8832,SRV024,PRODUCTION,E110,N,TXN0000003496
API000013186,2025-07-04 23:12:35,TransactionAPI,/api/transactions,GET,504,224,3085,2491,SRV024,PRODUCTION,E110,Y,
API000013189,2024-09-28 11:19:06,StatementAPI,/api/statements,GET,504,103,471,9374,SRV028,PRODUCTION,E107,Y,
API000013192,2025-03-02 21:19:52,CustomerAPI,/api/customers,GET,502,366,1593,8824,SRV008,PRODUCTION,E101,N,TXN0000017943
API000013228,2025-09-24 08:15:29,PaymentAPI,/api/payments,POST,504,105,2713,276,SRV006,PRODUCTION,E107,Y,TXN0000017443
API000013242,2023-11-01 20:21:32,TransactionAPI,/api/transactions,PUT,500,1063,2564,7918,SRV008,PRODUCTION,E105,N,TXN0000024463
API000013246,2025-01-20 13:16:49,NotificationAPI,/api/notifications,GET,504,361,3554,8937,SRV016,PRODUCTION,E100,Y,TXN0000020768
API000013263,2025-11-20 07:53:58,LoanAPI,/api/loans,POST,503,164,4358,1990,SRV019,PRODUCTION,E100,N,TXN0000014318
API000013268,2023-05-25 13:03:52,PaymentAPI,/api/payments,POST,504,136,3401,5615,SRV020,UAT,E107,Y,TXN0000016151
API000013270,2023-07-08 07:20:09,KYCAPI,/api/kyc,POST,503,374,3648,452,SRV035,UAT,E104,N,TXN0000001830
API000013277,2023-09-22 21:48:41,NotificationAPI,/api/notifications,POST,504,860,1764,4901,SRV010,PRODUCTION,E106,Y,TXN0000016109
API000013286,2024-09-10 18:50:07,StatementAPI,/api/statements,GET,500,197,2841,6281,SRV010,PRODUCTION,E110,N,TXN0000021868
API000013290,2025-08-21 02:52:12,FraudAPI,/api/fraud,PUT,504,95,3765,409,SRV027,PRODUCTION,E104,Y,TXN0000004759
API000013294,2026-01-03 09:20:08,AccountAPI,/api/accounts,PUT,500,312,728,5373,SRV024,PRODUCTION,E100,N,TXN0000002851
API000013314,2023-07-03 18:50:35,StatementAPI,/api/statements,GET,500,580,1809,4281,SRV030,PRODUCTION,E104,N,TXN0000024581
API000013319,2026-02-18 13:39:12,PaymentAPI,/api/payments,GET,503,55,1764,9700,SRV040,PRODUCTION,E101,N,TXN0000001277
API000013321,2024-03-19 19:05:38,AccountAPI,/api/accounts,PUT,500,209,228,2430,SRV004,PRODUCTION,E102,N,TXN0000002152
API000013326,2024-11-02 01:37:34,TransactionAPI,/api/transactions,GET,500,442,1215,3152,SRV011,PRODUCTION,E105,N,TXN0000017285
API000013328,2024-12-19 14:11:26,StatementAPI,/api/statements,DELETE,502,105,3077,6446,SRV038,PRODUCTION,E111,N,
API000013332,2025-09-17 08:58:49,AccountAPI,/api/accounts,POST,503,127,4767,1221,SRV031,PRODUCTION,E102,N,TXN0000011894
API000013345,2025-06-21 17:48:53,AccountAPI,/api/accounts,GET,500,59,1153,1607,SRV004,PRODUCTION,E109,N,
API000013349,2023-05-27 14:04:25,NotificationAPI,/api/notifications,GET,500,113,837,3031,SRV011,PRODUCTION,E106,N,
API000013351,2023-02-24 21:28:51,PaymentAPI,/api/payments,POST,500,463,4906,8820,SRV030,UAT,E106,N,TXN0000021571
API000013354,2025-05-17 08:36:25,NotificationAPI,/api/notifications,GET,500,324,705,534,SRV019,PRODUCTION,E102,N,
API000013361,2024-05-05 13:12:47,FraudAPI,/api/fraud,GET,502,242,3472,6310,SRV004,PRODUCTION,E111,N,TXN0000014508
API000013364,2024-11-29 05:24:48,LoanAPI,/api/loans,POST,500,346,4980,8895,SRV023,PRODUCTION,E111,N,
API000013367,2025-07-17 08:26:17,AuthAPI,/api/auth,POST,504,482,3598,8324,SRV008,PRODUCTION,E103,Y,TXN0000001862
API000013376,2024-03-18 10:28:13,LoanAPI,/api/loans,POST,500,211,4262,5371,SRV005,PRODUCTION,E105,N,TXN0000001952
API000013387,2023-01-24 13:28:21,StatementAPI,/api/statements,POST,502,246,2539,8793,SRV038,PRODUCTION,E104,N,TXN0000005643
API000013397,2025-11-05 01:43:53,AuthAPI,/api/auth,POST,504,98,1736,6765,SRV031,PRODUCTION,E109,Y,TXN0000001589
API000013402,2025-03-23 23:41:26,StatementAPI,/api/statements,GET,504,51,4001,6813,SRV010,PRODUCTION,E111,Y,TXN0000002226
API000013414,2023-02-25 17:58:30,LoanAPI,/api/loans,POST,504,314,1560,3376,SRV007,PRODUCTION,E111,Y,TXN0000018877
API000013466,2026-04-08 23:06:30,AuthAPI,/api/auth,PUT,502,343,3352,2261,SRV019,UAT,E100,N,TXN0000013777
API000013472,2025-11-03 18:31:52,LoanAPI,/api/loans,POST,502,140,4801,6494,SRV031,SIT,E101,N,
API000013485,2025-09-03 16:15:32,CustomerAPI,/api/customers,POST,504,111,1342,4979,SRV026,PRODUCTION,E106,Y,TXN0000016102
API000013487,2023-08-04 17:09:10,KYCAPI,/api/kyc,POST,500,560,3697,6553,SRV004,PRODUCTION,E105,N,TXN0000018749
API000013488,2023-12-09 20:03:37,NotificationAPI,/api/notifications,GET,504,1062,2603,5759,SRV015,PRODUCTION,E107,Y,TXN0000004989
API000013554,2024-04-17 15:26:35,CustomerAPI,/api/customers,POST,502,562,4070,7728,SRV015,PRODUCTION,E102,N,TXN0000010684
API000013555,2026-01-22 08:41:52,KYCAPI,/api/kyc,POST,504,263,2456,3334,SRV034,PRODUCTION,E108,Y,TXN0000009503
API000013556,2023-12-09 23:11:00,LoanAPI,/api/loans,GET,500,263,598,1018,SRV033,PRODUCTION,E109,N,TXN0000011950
API000013582,2025-04-05 09:37:53,StatementAPI,/api/statements,PUT,502,397,1489,2063,SRV029,PRODUCTION,E110,N,TXN0000019305
API000013583,2026-04-04 08:42:35,KYCAPI,/api/kyc,POST,503,1524,3644,4508,SRV009,PRODUCTION,E107,N,
API000013598,2025-01-14 08:57:49,PaymentAPI,/api/payments,GET,503,382,1969,5851,SRV001,PRODUCTION,E110,N,TXN0000023975
API000013599,2025-11-21 07:11:33,KYCAPI,/api/kyc,POST,502,104,3371,4290,SRV038,PRODUCTION,E109,N,TXN0000007098
API000013600,2024-07-06 21:09:58,CustomerAPI,/api/customers,POST,503,95,3209,3979,SRV029,PRODUCTION,E107,N,TXN0000009551
API000013603,2025-01-25 00:34:36,LoanAPI,/api/loans,POST,503,264,3825,404,SRV002,UAT,E110,N,
API000013613,2024-05-22 03:45:41,AccountAPI,/api/accounts,PUT,503,71,2088,3722,SRV040,PRODUCTION,E110,N,TXN0000016241
API000013625,2024-09-16 12:35:47,TransactionAPI,/api/transactions,GET,502,50,2587,5481,SRV029,PRODUCTION,E108,N,TXN0000015330
API000013638,2024-03-08 19:01:52,LoanAPI,/api/loans,GET,500,104,1898,6719,SRV014,PRODUCTION,E101,N,TXN0000013899
API000013648,2026-07-09 00:51:15,KYCAPI,/api/kyc,GET,504,306,3887,4537,SRV001,PRODUCTION,E107,Y,TXN0000015677
API000013651,2026-07-08 15:30:37,CustomerAPI,/api/customers,GET,502,104,977,5697,SRV016,PRODUCTION,E105,N,TXN0000007871
API000013661,2025-12-17 07:20:35,KYCAPI,/api/kyc,POST,502,66,3645,9621,SRV039,PRODUCTION,E107,N,TXN0000023600
API000013670,2023-12-05 11:07:59,CustomerAPI,/api/customers,POST,504,62,869,7847,SRV029,PRODUCTION,E109,Y,TXN0000009437
API000013681,2026-04-09 04:37:34,StatementAPI,/api/statements,POST,500,447,3908,6289,SRV014,PRODUCTION,E101,N,TXN0000013931
API000013698,2026-03-12 19:05:51,TransactionAPI,/api/transactions,GET,502,116,755,3009,SRV028,PRODUCTION,E102,N,TXN0000006654
API000013719,2025-02-18 09:37:12,NotificationAPI,/api/notifications,GET,500,286,733,9029,SRV029,PRODUCTION,E106,N,TXN0000017055
API000013720,2024-05-21 06:56:51,LoanAPI,/api/loans,DELETE,504,254,1446,782,SRV011,PRODUCTION,E101,Y,TXN0000010815
API000013722,2023-10-06 03:42:12,KYCAPI,/api/kyc,GET,500,173,2018,1069,SRV007,PRODUCTION,E102,N,TXN0000024023
API000013727,2026-05-29 18:11:02,AuthAPI,/api/auth,DELETE,504,112,330,6061,SRV035,PRODUCTION,E110,Y,TXN0000018386
API000013735,2023-05-15 02:44:06,FraudAPI,/api/fraud,GET,502,64,2964,2998,SRV032,PRODUCTION,E103,N,TXN0000021555
API000013748,2025-12-19 05:03:57,AccountAPI,/api/accounts,PUT,500,58,2767,9460,SRV031,PRODUCTION,E103,N,TXN0000011339
API000013758,2023-03-04 01:59:53,AuthAPI,/api/auth,POST,500,406,1275,5303,SRV037,PRODUCTION,E111,N,TXN0000003361
API000013760,2023-12-24 04:51:32,LoanAPI,/api/loans,POST,504,189,925,6642,SRV035,PRODUCTION,E109,Y,TXN0000000902
API000013777,2025-06-19 17:24:21,StatementAPI,/api/statements,POST,504,258,1491,7734,SRV008,PRODUCTION,E106,Y,TXN0000011000
API000013779,2023-06-18 21:47:27,PaymentAPI,/api/payments,POST,504,91,4345,5816,SRV035,PRODUCTION,E111,Y,TXN0000005250
API000013780,2023-10-09 20:02:43,StatementAPI,/api/statements,POST,500,446,516,9092,SRV003,PRODUCTION,E104,N,
API000013809,2025-12-03 21:58:58,StatementAPI,/api/statements,POST,502,133,1986,293,SRV032,UAT,E111,N,TXN0000000542
API000013810,2024-08-12 03:32:01,LoanAPI,/api/loans,GET,500,135,4328,5535,SRV007,UAT,E105,N,TXN0000010499
API000013811,2025-04-13 09:23:39,TransactionAPI,/api/transactions,POST,504,140,3502,5240,SRV011,PRODUCTION,E107,Y,
API000013814,2023-08-29 03:19:59,NotificationAPI,/api/notifications,POST,504,94,596,4905,SRV024,PRODUCTION,E108,Y,TXN0000013570
API000013833,2024-08-13 19:36:30,TransactionAPI,/api/transactions,GET,500,758,3959,8652,SRV034,UAT,E104,N,
API000013843,2025-02-19 18:07:38,FraudAPI,/api/fraud,POST,500,74,591,5618,SRV029,PRODUCTION,E100,N,TXN0000001548
API000013844,2025-11-11 01:21:59,AuthAPI,/api/auth,POST,502,30,4303,2436,SRV010,PRODUCTION,E106,N,
API000013851,2024-06-26 09:10:00,KYCAPI,/api/kyc,GET,500,167,4840,4112,SRV023,PRODUCTION,E110,N,
API000013852,2025-09-01 17:46:13,AccountAPI,/api/accounts,POST,504,259,464,9636,SRV025,SIT,E110,Y,
API000013881,2023-12-20 10:42:03,KYCAPI,/api/kyc,GET,504,183,3863,7203,SRV018,PRODUCTION,E110,Y,
API000013885,2026-06-25 21:05:32,FraudAPI,/api/fraud,PUT,502,911,1162,2533,SRV004,PRODUCTION,E101,N,TXN0000015622
API000013886,2025-09-20 12:17:43,PaymentAPI,/api/payments,GET,503,458,2940,7961,SRV039,PRODUCTION,E105,N,TXN0000018100
API000013899,2026-03-15 01:22:40,StatementAPI,/api/statements,POST,503,32,4612,7218,SRV027,PRODUCTION,E101,N,TXN0000011021
API000013907,2024-12-22 18:50:06,AccountAPI,/api/accounts,POST,502,84,3391,3525,SRV036,PRODUCTION,E102,N,TXN0000015510
API000013916,2025-02-15 16:26:42,NotificationAPI,/api/notifications,GET,500,406,5000,7738,SRV018,PRODUCTION,E109,N,
API000013919,2023-08-17 21:24:18,LoanAPI,/api/loans,GET,503,149,3988,9860,SRV003,PRODUCTION,E105,N,TXN0000003236
API000013949,2023-06-20 20:56:22,TransactionAPI,/api/transactions,PUT,502,113,967,5197,SRV037,PRODUCTION,E109,N,TXN0000002587
API000013972,2023-11-25 02:07:42,StatementAPI,/api/statements,GET,500,215,829,7757,SRV029,PRODUCTION,E105,N,TXN0000013973
API000013980,2026-06-06 12:12:42,KYCAPI,/api/kyc,POST,500,136,2287,3236,SRV001,PRODUCTION,E100,N,TXN0000002597
API000013986,2024-09-07 23:52:35,FraudAPI,/api/fraud,POST,504,72,4787,7195,SRV031,PRODUCTION,E103,Y,
API000014003,2023-01-20 16:18:23,PaymentAPI,/api/payments,POST,504,42,3733,6818,SRV029,PRODUCTION,E111,Y,TXN0000002715
API000014011,2024-12-21 10:46:06,AuthAPI,/api/auth,PUT,503,97,2345,8774,SRV003,PRODUCTION,E101,N,
API000014013,2023-10-29 15:12:48,AccountAPI,/api/accounts,POST,504,103,2279,252,SRV031,SIT,E110,Y,TXN0000012024
API000014027,2025-12-23 11:58:11,TransactionAPI,/api/transactions,POST,500,276,3563,8826,SRV017,PRODUCTION,E102,N,TXN0000007736
API000014033,2023-10-06 19:10:34,AccountAPI,/api/accounts,POST,504,135,3411,4134,SRV025,UAT,E110,Y,TXN0000015910
API000014052,2023-05-16 09:58:30,PaymentAPI,/api/payments,POST,502,302,4276,5412,SRV027,PRODUCTION,E100,N,TXN0000004447
API000014053,2024-06-23 17:18:32,PaymentAPI,/api/payments,GET,504,141,1322,8598,SRV010,PRODUCTION,E103,Y,
API000014059,2026-01-10 01:54:31,AccountAPI,/api/accounts,POST,502,312,763,5180,SRV029,UAT,E108,N,
API000014062,2024-06-17 10:53:18,NotificationAPI,/api/notifications,PUT,503,108,280,7733,SRV022,PRODUCTION,E101,N,TXN0000004413
API000014090,2024-10-12 03:57:00,TransactionAPI,/api/transactions,GET,502,177,1901,207,SRV034,PRODUCTION,E103,N,TXN0000002450
API000014100,2025-07-07 04:59:59,FraudAPI,/api/fraud,GET,504,30,4877,1200,SRV029,PRODUCTION,E110,Y,TXN0000015720
API000014122,2026-05-25 05:20:14,FraudAPI,/api/fraud,DELETE,504,813,2459,9150,SRV020,PRODUCTION,E104,Y,TXN0000017992
API000014128,2024-09-19 14:57:31,FraudAPI,/api/fraud,GET,500,441,1577,1678,SRV036,PRODUCTION,E108,N,
API000014134,2024-03-27 21:15:37,KYCAPI,/api/kyc,POST,500,546,2971,8632,SRV034,PRODUCTION,E100,N,TXN0000003669
API000014150,2025-01-01 21:44:39,CustomerAPI,/api/customers,POST,503,286,3990,8346,SRV037,PRODUCTION,E110,N,TXN0000000408
API000014153,2023-11-05 13:17:05,AuthAPI,/api/auth,GET,502,131,1440,620,SRV032,PRODUCTION,E100,N,
API000014160,2023-02-02 07:55:13,PaymentAPI,/api/payments,GET,500,632,779,7405,SRV013,SIT,E102,N,
API000014165,2023-03-12 06:42:36,AuthAPI,/api/auth,POST,500,229,4014,2148,SRV027,PRODUCTION,E107,N,TXN0000022236
API000014184,2026-04-17 08:22:37,LoanAPI,/api/loans,DELETE,503,140,4540,2939,SRV008,PRODUCTION,E102,N,TXN0000015219
API000014208,2024-08-24 10:11:37,LoanAPI,/api/loans,GET,504,294,2686,1880,SRV006,PRODUCTION,E107,Y,TXN0000004509
API000014210,2025-09-01 22:18:39,FraudAPI,/api/fraud,PUT,504,45,2426,5360,SRV028,PRODUCTION,E102,Y,TXN0000012756
API000014211,2026-01-29 21:15:22,AuthAPI,/api/auth,GET,502,278,5000,6550,SRV033,UAT,E101,N,TXN0000013654
API000014224,2024-05-05 04:55:19,NotificationAPI,/api/notifications,PUT,504,429,3610,5864,SRV013,PRODUCTION,E101,Y,
API000014241,2026-06-11 07:20:17,FraudAPI,/api/fraud,POST,504,217,3779,452,SRV032,PRODUCTION,E111,Y,
API000014242,2025-10-12 19:22:16,CustomerAPI,/api/customers,GET,504,380,4740,274,SRV040,PRODUCTION,E110,Y,TXN0000019759
API000014247,2026-07-07 21:20:04,TransactionAPI,/api/transactions,GET,500,497,2970,9360,SRV028,PRODUCTION,E111,N,TXN0000013685
API000014253,2023-03-06 15:50:27,NotificationAPI,/api/notifications,POST,503,524,2424,2083,SRV030,PRODUCTION,E108,N,TXN0000022496
API000014255,2025-09-20 03:15:56,FraudAPI,/api/fraud,POST,500,208,4854,6601,SRV018,PRODUCTION,E106,N,
API000014272,2025-02-16 00:14:37,AuthAPI,/api/auth,PUT,500,661,1980,4123,SRV035,PRODUCTION,E102,N,TXN0000000987
API000014276,2023-05-14 22:00:37,StatementAPI,/api/statements,GET,504,104,3996,3339,SRV021,PRODUCTION,E102,Y,TXN0000000177
API000014286,2024-08-06 07:31:33,KYCAPI,/api/kyc,GET,502,104,1314,8589,SRV020,PRODUCTION,E111,N,
API000014289,2025-02-15 18:28:35,AuthAPI,/api/auth,DELETE,502,51,717,6608,SRV002,SIT,E106,N,
API000014293,2025-08-04 08:37:53,AuthAPI,/api/auth,POST,500,120,578,533,SRV015,PRODUCTION,E109,N,
API000014309,2023-12-08 02:46:57,TransactionAPI,/api/transactions,POST,500,106,1923,7048,SRV005,UAT,E108,N,TXN0000001040
API000014312,2024-09-12 14:32:11,NotificationAPI,/api/notifications,POST,503,104,1521,8756,SRV001,PRODUCTION,E109,N,
API000014321,2024-11-02 16:31:08,TransactionAPI,/api/transactions,GET,502,158,2726,1471,SRV004,PRODUCTION,E103,N,TXN0000019731
API000014343,2026-04-24 00:53:47,AuthAPI,/api/auth,GET,504,95,3523,3762,SRV019,PRODUCTION,E100,Y,
API000014407,2023-10-22 18:21:55,AccountAPI,/api/accounts,GET,504,167,227,9767,SRV020,PRODUCTION,E106,Y,TXN0000017480
API000014411,2023-12-18 23:03:26,KYCAPI,/api/kyc,GET,500,208,459,8891,SRV023,PRODUCTION,E101,N,
API000014440,2026-05-28 02:49:38,LoanAPI,/api/loans,POST,504,70,4419,2849,SRV026,PRODUCTION,E111,Y,TXN0000024795
API000014443,2024-08-09 22:44:28,AccountAPI,/api/accounts,POST,500,166,2928,4254,SRV019,PRODUCTION,E106,N,TXN0000011592
API000014446,2026-01-11 14:02:10,NotificationAPI,/api/notifications,GET,504,120,1217,2369,SRV021,PRODUCTION,E106,Y,TXN0000004661
API000014447,2023-07-28 09:10:00,TransactionAPI,/api/transactions,POST,500,199,3359,7560,SRV040,SIT,E104,N,
API000014455,2025-01-19 04:55:15,FraudAPI,/api/fraud,POST,500,572,1362,816,SRV031,PRODUCTION,E107,N,TXN0000011321
API000014475,2024-02-27 07:00:50,AccountAPI,/api/accounts,GET,500,98,276,9591,SRV016,PRODUCTION,E106,N,TXN0000008376
API000014483,2023-10-12 08:45:59,StatementAPI,/api/statements,POST,500,211,4341,5067,SRV031,PRODUCTION,E106,N,TXN0000010479
API000014487,2025-03-17 16:44:10,PaymentAPI,/api/payments,GET,500,143,3616,8879,SRV029,PRODUCTION,E110,N,TXN0000014237
API000014494,2024-04-09 23:51:46,CustomerAPI,/api/customers,POST,503,200,3268,5596,SRV020,PRODUCTION,E110,N,TXN0000012081
API000014498,2023-10-06 10:33:01,NotificationAPI,/api/notifications,GET,502,305,3590,7283,SRV007,PRODUCTION,E106,N,TXN0000003860
API000014515,2025-04-11 01:42:32,PaymentAPI,/api/payments,GET,503,97,3456,8062,SRV029,UAT,E107,N,TXN0000018055
API000014520,2023-02-13 09:43:32,LoanAPI,/api/loans,POST,504,237,4445,9198,SRV006,PRODUCTION,E103,Y,
API000014523,2023-03-03 03:07:24,AuthAPI,/api/auth,GET,502,443,151,7291,SRV017,PRODUCTION,E103,N,TXN0000013605
API000014533,2023-04-17 14:12:39,FraudAPI,/api/fraud,POST,504,648,250,2788,SRV039,PRODUCTION,E102,Y,
API000014549,2025-07-17 11:18:47,FraudAPI,/api/fraud,POST,502,1057,3046,1061,SRV040,PRODUCTION,E109,N,TXN0000024030
API000014569,2025-04-11 00:10:25,AccountAPI,/api/accounts,POST,500,258,3813,7233,SRV004,PRODUCTION,E108,N,
API000014577,2026-02-23 03:57:35,AccountAPI,/api/accounts,GET,504,59,3697,7871,SRV006,PRODUCTION,E104,Y,
API000014579,2024-06-17 15:57:46,PaymentAPI,/api/payments,POST,500,674,2847,200,SRV032,PRODUCTION,E110,N,
API000014587,2025-02-02 08:54:12,StatementAPI,/api/statements,PUT,504,87,957,2529,SRV027,PRODUCTION,E106,Y,TXN0000021098
API000014595,2026-03-14 03:26:56,StatementAPI,/api/statements,DELETE,502,70,2916,5452,SRV017,PRODUCTION,E106,N,TXN0000005118
API000014601,2025-11-29 06:09:04,AuthAPI,/api/auth,POST,502,242,1562,7289,SRV025,PRODUCTION,E107,N,
API000014610,2024-06-28 03:57:19,AccountAPI,/api/accounts,GET,502,326,4323,6875,SRV005,PRODUCTION,E111,N,TXN0000022992
API000014615,2023-11-15 22:00:16,AccountAPI,/api/accounts,POST,504,40,4754,2809,SRV038,PRODUCTION,E105,Y,TXN0000000518
API000014632,2023-01-03 01:48:16,AccountAPI,/api/accounts,POST,500,613,1618,8211,SRV004,PRODUCTION,E111,N,
API000014637,2024-07-12 13:44:21,FraudAPI,/api/fraud,POST,504,42,4952,8505,SRV002,PRODUCTION,E106,Y,TXN0000016100
API000014649,2026-03-01 04:16:32,FraudAPI,/api/fraud,GET,503,103,3235,1509,SRV006,PRODUCTION,E101,N,TXN0000010331
API000014653,2024-09-13 05:43:16,CustomerAPI,/api/customers,POST,503,71,702,9302,SRV034,UAT,E103,N,TXN0000011979
API000014707,2024-09-23 21:48:49,AccountAPI,/api/accounts,GET,500,121,1057,7635,SRV013,UAT,E107,N,
API000014708,2024-09-10 22:56:29,AccountAPI,/api/accounts,POST,500,51,1753,2827,SRV007,PRODUCTION,E109,N,
API000014724,2024-08-02 03:40:59,LoanAPI,/api/loans,GET,504,455,142,504,SRV008,PRODUCTION,E106,Y,TXN0000024558
API000014729,2025-11-04 22:22:40,StatementAPI,/api/statements,GET,500,86,4644,9119,SRV037,UAT,E100,N,TXN0000019579
API000014736,2024-01-29 03:56:19,FraudAPI,/api/fraud,POST,504,1045,3046,5216,SRV012,SIT,E100,Y,TXN0000018748
API000014737,2026-01-24 15:08:55,LoanAPI,/api/loans,GET,504,133,898,281,SRV033,PRODUCTION,E111,Y,TXN0000019535
API000014749,2025-11-22 21:16:14,LoanAPI,/api/loans,POST,504,139,607,268,SRV036,UAT,E106,Y,
API000014762,2025-01-04 13:15:53,AuthAPI,/api/auth,PUT,502,183,2750,3457,SRV037,PRODUCTION,E103,N,TXN0000003449
API000014796,2025-01-08 11:19:47,NotificationAPI,/api/notifications,GET,500,322,3524,5305,SRV026,PRODUCTION,E108,N,TXN0000020595
API000014801,2024-10-22 01:12:36,PaymentAPI,/api/payments,GET,502,505,715,575,SRV039,PRODUCTION,E105,N,
API000014806,2025-04-13 00:56:48,PaymentAPI,/api/payments,GET,504,150,4348,6173,SRV006,PRODUCTION,E101,Y,TXN0000004443
API000014812,2023-12-28 17:23:20,CustomerAPI,/api/customers,GET,500,113,2530,8670,SRV001,SIT,E110,N,
API000014815,2024-05-30 09:32:25,AuthAPI,/api/auth,POST,503,78,193,6360,SRV010,UAT,E105,N,TXN0000015745
API000014816,2026-04-10 14:14:53,LoanAPI,/api/loans,PUT,503,250,3987,6636,SRV028,UAT,E104,N,TXN0000020285
API000014821,2024-12-05 14:06:35,NotificationAPI,/api/notifications,POST,504,51,3706,4816,SRV011,SIT,E107,Y,TXN0000005670
API000014824,2026-03-11 08:46:48,CustomerAPI,/api/customers,POST,502,133,1683,7394,SRV017,PRODUCTION,E103,N,TXN0000024503
API000014826,2026-05-27 17:03:43,KYCAPI,/api/kyc,GET,504,243,3370,5959,SRV037,PRODUCTION,E104,Y,TXN0000005023
API000014829,2024-02-15 10:39:40,LoanAPI,/api/loans,GET,504,24,2202,1260,SRV033,SIT,E107,Y,
API000014833,2025-01-27 04:31:14,AuthAPI,/api/auth,GET,504,343,209,5851,SRV036,PRODUCTION,E102,Y,TXN0000015845
API000014844,2023-06-18 23:51:19,NotificationAPI,/api/notifications,POST,502,508,4367,387,SRV031,PRODUCTION,E101,N,TXN0000017323
API000014850,2023-05-03 17:26:07,KYCAPI,/api/kyc,DELETE,504,90,4596,4476,SRV020,PRODUCTION,E111,Y,
API000014854,2026-05-09 16:07:25,KYCAPI,/api/kyc,POST,500,788,1556,9568,SRV023,PRODUCTION,E103,N,TXN0000011818
API000014857,2023-07-12 22:10:19,StatementAPI,/api/statements,POST,502,387,1572,6095,SRV009,PRODUCTION,E101,N,
API000014870,2025-03-31 02:11:45,LoanAPI,/api/loans,POST,500,393,2641,559,SRV018,PRODUCTION,E108,N,TXN0000003896
API000014876,2025-01-20 15:07:49,PaymentAPI,/api/payments,GET,500,268,2097,1792,SRV008,UAT,E110,N,TXN0000020662
API000014885,2026-06-14 06:35:39,PaymentAPI,/api/payments,POST,502,137,643,6519,SRV031,PRODUCTION,E104,N,
API000014896,2025-05-11 14:04:14,AuthAPI,/api/auth,POST,502,186,3369,6801,SRV005,PRODUCTION,E106,N,TXN0000020918
API000014918,2023-05-03 08:06:07,LoanAPI,/api/loans,DELETE,502,259,519,7691,SRV006,PRODUCTION,E103,N,TXN0000010130
API000014925,2024-07-16 05:43:44,StatementAPI,/api/statements,GET,502,134,2098,9355,SRV022,PRODUCTION,E103,N,
API000014936,2025-03-05 17:23:16,AccountAPI,/api/accounts,POST,503,133,2263,7418,SRV028,PRODUCTION,E109,N,TXN0000021102
API000014938,2024-07-17 04:55:39,AccountAPI,/api/accounts,PUT,503,221,626,912,SRV024,PRODUCTION,E106,N,TXN0000012432
API000014953,2024-06-23 01:41:54,StatementAPI,/api/statements,GET,502,131,2886,9231,SRV027,PRODUCTION,E105,N,TXN0000023523
API000014979,2025-11-15 09:40:02,NotificationAPI,/api/notifications,POST,500,120,4596,6128,SRV005,PRODUCTION,E102,N,TXN0000022638
API000014990,2024-11-12 13:39:01,FraudAPI,/api/fraud,GET,504,127,353,1403,SRV013,PRODUCTION,E106,Y,TXN0000016599
